DATE;IBM;ORACLE;INTEL;APPLE;MICROSOFT
01.05.2013;172.42;31.079;20.659;57.087;28.887
02.05.2013;174.79;31.578;20.763;57.897;29.275
03.05.2013;176.61;31.288;20.827;58.475;29.569
06.05.2013;175.13;31.408;20.785;59.87;29.794
07.05.2013;175.87;31.174;20.99;59.604;29.41
08.05.2013;177.71;31.361;21.079;60.277;29.127
09.05.2013;176.36;31.585;21.176;59.751;28.834
10.05.2013;177.42;31.887;21.297;59.255;28.862
13.05.2013;175.68;31.662;20.931;59.488;29.163
14.05.2013;176.33;31.561;20.723;58.064;29.809
15.05.2013;176.43;31.858;21.037;56.098;30.096
16.05.2013;177.59;32.216;20.81;56.849;30.03
17.05.2013;180.87;32.833;20.897;56.674;31.001
20.05.2013;180.13;32.71;20.931;57.94;31.187
21.05.2013;181.04;32.899;20.99;57.512;30.984
22.05.2013;179.6;31.979;20.924;57.733;30.768
23.05.2013;178.87;32.083;20.906;57.837;30.36
24.05.2013;178.52;31.914;20.793;58.233;30.468
28.05.2013;180.29;32.363;20.931;57.743;31.135
29.05.2013;180.41;32.242;21.096;58.204;31.009
30.05.2013;181.68;32.187;21.047;59.072;31.144
31.05.2013;180.49;31.662;21.01;58.83;31.032
03.06.2013;181.3;32.234;21.94;58.96;31.641
04.06.2013;178.9;32.018;22.043;58.777;31.107
05.06.2013;175.92;31.979;21.47;58.227;30.921
06.06.2013;176.83;31.259;21.427;57.355;31.081
07.06.2013;179.03;31.688;21.373;57.794;31.713
10.06.2013;177.88;31.914;21.741;57.413;31.536
11.06.2013;177;31.464;21.478;57.24;30.974
12.06.2013;174.58;31.416;21.26;56.536;31.117
13.06.2013;176.8;32.102;21.724;57.027;30.868
14.06.2013;175.46;31.653;21.662;56.254;30.583
17.06.2013;176.18;32.12;21.818;56.51;31.117
18.06.2013;177.75;32.242;22.139;56.48;31.098
19.06.2013;175.21;31.953;21.732;55.334;30.754
20.06.2013;171.22;31.127;21.018;54.528;29.774
21.06.2013;169.59;28.25;21.027;54.093;29.571
24.06.2013;167.95;28.278;20.497;52.656;29.979
25.06.2013;169.18;28.081;20.758;52.668;29.935
26.06.2013;169.08;28.25;20.862;52.07;30.539
27.06.2013;169.77;28.541;20.906;51.511;30.778
28.06.2013;166.71;28.877;21.258;52.174;30.71
01.07.2013;165.99;28.22;20.767;53.532;30.549
02.07.2013;166.17;28.211;20.618;54.743;30.172
03.07.2013;167.67;28.775;20.653;55.046;30.236
05.07.2013;169.15;29.232;20.915;54.603;30.416
08.07.2013;169.18;29.664;20.148;54.295;30.52
09.07.2013;165.99;29.537;20.115;55.248;30.539
10.07.2013;166.8;29.385;20.211;55.037;30.851
11.07.2013;167.29;29.976;20.853;55.895;31.73
12.07.2013;166.65;29.401;20.775;55.792;31.713
15.07.2013;168.32;30.115;20.81;55.915;32.158
16.07.2013;168.21;30.108;21.079;56.275;32.244
17.07.2013;168.8;30.259;20.99;56.29;31.775
18.07.2013;171.79;30.115;20.203;56.478;31.508
19.07.2013;167.95;29.976;20.025;55.587;27.916
22.07.2013;168.41;29.986;19.794;55.766;28.458
23.07.2013;169.18;30.173;19.776;54.809;28.29
24.07.2013;170.6;30.476;19.932;57.624;28.413
25.07.2013;171.13;30.456;20.045;57.36;27.906
26.07.2013;171.22;30.614;20.219;57.69;28.112
29.07.2013;170.24;30.559;20.203;58.577;28.039
30.07.2013;170.07;30.624;20.323;59.3;28.315
31.07.2013;169.23;30.436;20.279;59.195;28.307
01.08.2013;169.91;30.812;20.166;59.739;28.156
02.08.2013;169.34;30.644;20.185;60.506;28.352
05.08.2013;169.63;30.842;20.118;61.41;28.181
06.08.2013;165.7;31.05;20.012;60.86;28.077
07.08.2013;164.43;30.879;19.925;60.824;28.503
08.08.2013;163.88;31.066;19.706;60.705;29.241
09.08.2013;163.78;30.974;19.756;59.841;29.071
12.08.2013;164.9;31.285;19.871;61.538;29.223
13.08.2013;164.32;31.285;19.766;64.464;28.856
14.08.2013;163.54;31.585;19.811;65.641;28.965
15.08.2013;162.01;30.794;19.336;65.561;28.462
16.08.2013;161.64;30.496;19.24;66.143;28.471
19.08.2013;160.67;30.163;19.557;66.857;28.105
20.08.2013;160.93;30.296;19.766;65.981;28.309
21.08.2013;161.2;30.39;19.46;66.147;28.301
22.08.2013;161.51;30.486;19.54;66.23;28.999
23.08.2013;161.7;29.89;19.697;65.974;31.112
26.08.2013;161.08;30.427;19.549;66.23;30.575
27.08.2013;159.35;29.899;19.475;64.333;29.777
28.08.2013;158.85;29.789;19.557;64.642;29.566
29.08.2013;159.26;29.826;19.363;64.744;30.037
30.08.2013;159.79;30.072;19.472;64.529;29.902
03.09.2013;160.44;30.121;19.37;64.332;28.543
04.09.2013;159.69;30.406;19.871;65.665;27.925
05.09.2013;160.61;30.349;19.838;65.216;27.971
06.09.2013;159.61;30.296;19.898;65.603;27.888
09.09.2013;161.31;30.812;20.109;66.649;28.346
10.09.2013;162.72;30.915;20.181;65.131;28.999
11.09.2013;166.3;31.066;20.02;61.586;29.314
12.09.2013;166.33;30.851;19.865;62.244;29.268
13.09.2013;167.57;30.538;20.573;61.216;29.573
16.09.2013;168.43;31.023;20.532;59.27;29.367
17.09.2013;167.56;31.294;20.838;59.954;29.48
18.09.2013;169.55;31.868;20.979;61.187;29.833
19.09.2013;168.63;31.887;20.994;62.189;30.119
20.09.2013;165.68;32.039;20.864;61.544;29.357
23.09.2013;166.55;31.933;20.732;64.607;29.314
24.09.2013;165.64;31.651;20.812;64.404;29.06
25.09.2013;165.22;31.868;20.802;63.407;29.107
26.09.2013;165.88;31.815;20.549;64.024;29.337
27.09.2013;163;31.785;20.171;63.566;29.786
30.09.2013;162.34;31.309;20.308;63.144;29.794
01.10.2013;162.54;31.52;20.039;64.254;30.063
02.10.2013;161.29;31.688;20.092;64.463;30.367
03.10.2013;160.34;31.276;19.838;63.652;30.315
04.10.2013;160.57;31.359;20.02;63.602;30.333
07.10.2013;158.72;31.012;20.039;64.224;29.813
08.10.2013;155.86;30.565;19.73;63.328;29.557
09.10.2013;158.11;30.397;19.829;64.074;29.609
10.10.2013;161.11;31.151;20.276;64.474;30.226
11.10.2013;162.33;31.407;20.409;64.89;30.558
14.10.2013;163.05;31.424;20.581;65.318;30.844
15.10.2013;161.01;30.924;20.532;65.663;30.881
16.10.2013;162.84;31.18;20.795;65.986;31.013
17.10.2013;152.46;31.039;20.994;66.43;31.265
18.10.2013;151.55;31.066;20.96;67.009;31.03
21.10.2013;150.75;31.114;21.191;68.652;31.328
22.10.2013;152.59;31.066;21.126;68.455;30.959
23.10.2013;153.28;30.877;20.838;69.126;30.226
24.10.2013;155.06;31.228;20.874;70.04;30.188
25.10.2013;154.22;31.304;21.275;69.257;31.988
28.10.2013;154.64;31.294;21.381;69.773;31.847
29.10.2013;158.82;31.832;21.522;68.034;31.802
30.10.2013;157.1;31.662;21.503;69.119;31.82
31.10.2013;157.12;31.733;21.679;69.228;31.699
01.11.2013;156.31;31.662;21.356;68.478;31.811
04.11.2013;157.21;31.832;21.285;69.361;32.179
05.11.2013;155.1;31.633;21.29;69.188;32.804
06.11.2013;157.1;32.171;21.484;68.991;34.183
07.11.2013;157.8;32.105;21.318;67.876;33.575
08.11.2013;157.79;32.435;21.343;68.945;33.825
11.11.2013;160.34;32.454;21.414;68.744;33.655
12.11.2013;160.52;32.767;21.643;68.876;33.449
13.11.2013;160.91;33.05;21.794;68.954;34.157
14.11.2013;159.74;32.464;21.609;69.954;34.04
15.11.2013;160.63;32.974;21.725;69.532;33.88
18.11.2013;161.74;32.984;21.794;68.691;33.306
19.11.2013;162.41;32.824;21.885;68.812;33.144
20.11.2013;162.35;32.815;21.759;68.212;33.45
21.11.2013;161.44;32.993;22.353;69.021;33.74
22.11.2013;158.95;32.89;21.148;68.848;33.893
25.11.2013;156.87;32.843;21.044;69.366;33.954
26.11.2013;155.45;32.984;20.954;70.645;33.694
27.11.2013;156.9;33.324;21.176;72.311;33.918
29.11.2013;157.55;33.428;21.12;73.65;34.396
02.12.2013;155.58;33.127;20.996;73.008;34.685
03.12.2013;154.38;33.221;20.865;75.006;34.559
04.12.2013;154.08;33.221;21.034;74.832;35.129
05.12.2013;154.38;33.013;21.494;75.216;34.28
06.12.2013;155.76;33.504;21.992;74.173;34.605
09.12.2013;155.57;33.617;22.09;75.019;34.921
10.12.2013;155.29;32.863;21.992;74.904;34.379
11.12.2013;153.59;32.634;21.635;74.349;33.927
12.12.2013;151.98;31.726;21.679;74.24;33.577
13.12.2013;151.51;31.378;21.52;73.433;33.099
16.12.2013;155.93;31.67;21.662;73.837;33.27
17.12.2013;154.09;31.755;21.85;73.506;32.945
18.12.2013;156.66;32.67;22.282;72.948;32.998
19.12.2013;157.99;34.672;22.273;72.111;32.701
20.12.2013;157.82;34.452;22.203;72.715;33.197
23.12.2013;159.76;34.984;22.433;75.505;33.034
24.12.2013;160.65;35.353;22.529;75.187;33.45
26.12.2013;162.51;35.703;22.771;74.685;33.772
27.12.2013;162.24;35.977;22.68;74.182;33.639
30.12.2013;163.43;35.987;22.904;73.445;33.639
31.12.2013;164.45;36.242;22.991;74.303;33.749
02.01.2014;162.65;35.844;22.848;73.259;33.522
03.01.2014;163.62;35.636;22.839;71.649;33.296
06.01.2014;163.07;35.496;22.558;72.041;32.592
07.01.2014;166.33;35.852;22.662;71.526;32.845
08.01.2014;164.8;35.732;22.529;71.979;32.257
09.01.2014;164.29;35.666;22.424;71.059;32.052
10.01.2014;164.17;36.101;22.619;70.584;32.512
13.01.2014;161.47;35.761;22.593;70.953;31.557
14.01.2014;163;36.196;23.487;72.366;32.276
15.01.2014;164.6;36.384;23.63;73.819;33.16
16.01.2014;165.49;36.272;23.513;73.408;33.279
17.01.2014;166.64;36.196;22.904;71.609;32.817
21.01.2014;165.19;36.101;22.672;72.723;32.63
22.01.2014;159.77;35.977;22.424;73.044;32.41
23.01.2014;160.2;36.139;22.265;73.663;32.53
24.01.2014;157.51;35.154;21.983;72.324;33.205
27.01.2014;155.97;34.566;21.901;72.911;32.504
28.01.2014;155.06;35.144;22.061;67.084;32.72
29.01.2014;154.64;35.021;21.866;66.323;33.07
30.01.2014;155.48;35.43;21.917;66.195;33.251
31.01.2014;154.9;34.955;21.743;66.301;34.136
03.02.2014;151.57;33.949;21.22;66.425;32.909
04.02.2014;151.54;34.065;21.102;67.384;32.79
05.02.2014;152.76;34.055;21.038;67.889;32.314
06.02.2014;153.99;34.784;21.459;68.285;32.639
07.02.2014;156.26;35.23;21.644;69.24;32.98
10.02.2014;156.15;35.333;21.727;70.481;33.197
11.02.2014;158.41;35.844;21.887;71.41;33.531
12.02.2014;158.89;36.063;21.959;71.405;33.801
13.02.2014;160.3;36.394;22.095;72.539;33.927
14.02.2014;161.93;35.977;22.136;72.481;33.936
18.02.2014;161.5;35.968;22.145;72.747;34.01
19.02.2014;161.27;35.872;21.911;71.599;34.092
20.02.2014;162.43;36.252;22.128;70.77;34.31
21.02.2014;161.12;36.092;21.843;69.983;34.52
24.02.2014;161.73;36.129;22.029;70.289;34.256
25.02.2014;161.54;36.232;22.02;69.559;34.119
26.02.2014;162.23;36.47;22.181;68.931;34.056
27.02.2014;163.32;36.898;22.145;70.305;34.41
28.02.2014;163.23;37.049;22.145;70.115;34.819
03.03.2014;162.43;36.48;21.911;70.318;34.336
04.03.2014;164.35;37.334;22.012;70.781;34.911
05.03.2014;164.98;37.419;21.911;70.931;34.637
06.03.2014;165.41;37.382;22.029;70.716;34.673
07.03.2014;165.45;36.784;22.037;70.674;34.447
10.03.2014;164.32;36.813;22.219;70.738;34.373
11.03.2014;164.62;36.85;22.12;71.427;34.555
12.03.2014;164.16;36.489;22.145;71.495;34.783
13.03.2014;162.11;35.666;21.977;70.703;34.438
14.03.2014;160.64;35.617;21.911;69.908;34.265
17.03.2014;163.79;36.204;22.095;70.183;34.582
18.03.2014;164.66;36.794;22.02;70.802;35.945
19.03.2014;162.83;36.517;22.379;70.784;35.691
20.03.2014;165.62;36.348;22.74;70.442;36.654
21.03.2014;164.56;35.522;22.514;70.998;36.502
24.03.2014;165.96;36.169;22.467;71.843;36.807
25.03.2014;171.95;36.376;22.774;72.612;36.661
26.03.2014;169.81;37.019;22.07;71.918;36.163
27.03.2014;167.34;37.173;22.638;71.611;35.774
28.03.2014;167.9;37.481;22.916;71.531;36.63
31.03.2014;169.68;38.753;23.085;71.513;37.254
01.04.2014;171.45;39.303;23.246;72.168;37.645
02.04.2014;170.62;38.962;23.155;72.29;37.58
03.04.2014;169.87;38.241;23.623;71.787;37.272
04.04.2014;169.06;37.983;23.398;70.858;36.237
07.04.2014;171.47;37.499;23.691;69.746;36.173
08.04.2014;170.38;38.232;24.069;69.741;36.192
09.04.2014;173.35;38.839;24.131;70.658;36.784
10.04.2014;172.51;37.805;23.631;69.747;35.774
11.04.2014;172.06;37.035;23.416;69.231;35.635
14.04.2014;174.34;37.598;23.757;69.505;35.611
15.04.2014;173.68;37.746;23.944;69.011;36.127
16.04.2014;173.12;38.129;24.087;69.15;36.717
17.04.2014;167.5;38.082;24.186;69.942;36.364
21.04.2014;169.51;38.232;24.105;70.773;36.3
22.04.2014;169.39;38.441;24.006;70.842;36.347
23.04.2014;169.02;37.805;23.925;69.917;36.074
24.04.2014;167.67;37.766;23.925;75.648;36.227
25.04.2014;167.16;37.479;23.487;76.203;36.271
28.04.2014;170.25;38.129;23.551;79.154;37.145
29.04.2014;172;38.112;23.684;78.921;36.816
30.04.2014;173.19;38.839;23.873;78.621;36.717
01.05.2014;170.6;38.926;23.659;78.806;36.355
02.05.2014;168.75;38.774;23.623;78.952;36.074
05.05.2014;168.59;39.154;23.608;80.068;35.835
06.05.2014;167.51;38.964;23.635;79.198;35.498
07.05.2014;167.85;39.012;23.79;78.921;35.827
08.05.2014;167.5;38.829;23.763;78.779;36.027
09.05.2014;168.54;38.993;23.725;78.454;35.937
12.05.2014;170.75;39.857;23.79;79.429;36.329
13.05.2014;170.4;39.798;23.86;79.553;36.995
14.05.2014;167.33;39.788;23.753;79.569;36.83
15.05.2014;165.33;39.838;23.463;78.891;36.244
16.05.2014;165.86;39.611;23.292;80.056;36.456
19.05.2014;165.8;40.056;23.49;81.006;36.381
20.05.2014;163.94;39.485;23.49;81.02;36.32
21.05.2014;165.26;39.601;23.635;81.235;36.93
22.05.2014;164.62;39.448;23.59;81.364;36.702
23.05.2014;164.87;40.046;23.716;82.283;36.72
27.05.2014;163.83;39.818;24.096;83.823;36.787
28.05.2014;162.32;39.495;24.249;83.604;36.622
29.05.2014;162.93;40.095;24.322;85.13;36.925
30.05.2014;163.47;39.925;24.646;84.813;37.472
02.06.2014;164.63;39.876;24.592;84.228;37.335
03.06.2014;163.48;39.724;24.952;85.417;36.877
04.06.2014;163.6;39.621;24.899;86.394;36.906
05.06.2014;164.91;39.999;24.952;86.733;37.72
06.06.2014;165.24;40.501;25.413;86.494;37.966
09.06.2014;165.12;40.569;25.179;87.879;37.774
10.06.2014;163.4;40.53;25.475;88.394;37.628
11.06.2014;161.61;40.437;25.195;88.03;37.397
12.06.2014;160.69;39.906;25.222;86.556;37.141
13.06.2014;161.86;40.036;26.946;85.608;37.736
16.06.2014;161.69;40.046;27.071;86.473;37.984
17.06.2014;161.62;40.209;27.018;86.358;38.148
18.06.2014;162.79;40.675;27;86.454;38.121
19.06.2014;162.09;40.39;27.144;86.151;37.993
20.06.2014;160.96;38.783;27.244;85.261;38.148
23.06.2014;161.51;39.049;27.27;85.186;38.431
24.06.2014;160.39;38.726;27.515;84.671;38.204
25.06.2014;160.24;38.441;27.857;84.746;38.469
26.06.2014;159.92;38.147;27.768;85.251;38.186
27.06.2014;161.1;38.507;27.902;86.266;38.67
30.06.2014;160.72;38.507;27.876;87.157;38.167
01.07.2014;165.22;38.736;27.947;87.709;38.323
02.07.2014;167.04;38.908;27.947;87.671;38.351
03.07.2014;167.16;39.277;28.09;88.189;38.259
07.07.2014;166.72;38.963;27.993;90.006;38.431
08.07.2014;166;38.651;27.778;89.427;38.24
09.07.2014;167.07;38.363;27.867;89.462;38.138
10.07.2014;166.43;38.42;28.199;89.137;38.157
11.07.2014;166.68;38.238;28.193;89.304;38.526
14.07.2014;168.33;38.582;28.408;90.458;38.57
15.07.2014;167.13;38.631;28.605;89.399;38.856
16.07.2014;170.56;38.363;31.258;88.891;40.343
17.07.2014;170.67;38.028;30.04;87.307;40.759
18.07.2014;170.68;38.118;30.04;88.564;40.905
21.07.2014;169.21;38.126;30.727;88.103;41.032
22.07.2014;172.08;38.524;31.384;88.837;41.032
23.07.2014;171.68;38.41;31.124;91.151;41.069
24.07.2014;173.1;38.563;30.896;91.002;40.638
25.07.2014;172.38;38.428;30.896;91.601;40.73
28.07.2014;173.59;38.641;30.88;92.869;40.245
29.07.2014;172.52;38.715;30.843;92.267;40.163
30.07.2014;172;39.03;30.989;92.052;39.888
31.07.2014;169.95;38.486;30.573;89.661;39.504
01.08.2014;167.7;37.741;30.439;90.158;39.228
04.08.2014;168.16;38.21;30.717;89.652;39.694
05.08.2014;165.9;38.078;29.804;89.21;39.431
06.08.2014;165.87;38.267;29.833;89.059;39.12
07.08.2014;164.37;37.801;29.677;89.05;39.567
08.08.2014;166.45;38.058;29.605;89.295;39.539
11.08.2014;167.21;38.038;29.986;90.474;39.539
12.08.2014;167.1;38.018;30.087;90.456;39.832
13.08.2014;167.62;38.345;30.968;91.653;40.343
14.08.2014;167.56;38.325;30.82;91.898;40.518
15.08.2014;167.13;38.383;31.028;92.349;40.994
18.08.2014;168.89;38.725;31.248;93.462;41.289
19.08.2014;169.53;39.459;31.184;94.762;41.748
20.08.2014;169.55;39.306;31.331;94.798;41.397
21.08.2014;170.56;39.622;31.919;94.806;41.647
22.08.2014;169.84;39.67;31.73;95.492;41.583
25.08.2014;170.5;39.77;31.612;95.703;41.601
26.08.2014;172.11;39.869;31.603;95.09;41.455
27.08.2014;171.47;39.679;31.593;96.266;41.326
28.08.2014;171.23;39.325;31.466;96.372;41.335
29.08.2014;171.52;39.573;31.711;96.613;41.842
02.09.2014;170.86;39.698;31.393;97.357;41.527
03.09.2014;171.19;39.927;31.393;93.255;41.407
04.09.2014;170.06;39.592;31.692;92.482;41.685
05.09.2014;170.54;39.325;31.783;93.284;42.284
08.09.2014;169.58;38.725;32.084;92.706;42.799
09.09.2014;169.46;38.791;31.701;92.359;43.068
10.09.2014;170.84;38.791;31.801;95.184;43.139
11.09.2014;171.01;38.762;31.801;95.595;43.285
12.09.2014;170.6;38.591;31.439;95.814;43.002
15.09.2014;171.06;38.743;31.365;95.788;42.586
16.09.2014;172.08;39.249;31.72;95.06;43.068
17.09.2014;171.96;39.202;31.767;95.74;42.845
18.09.2014;172.81;39.592;31.938;95.938;42.992
19.09.2014;173.01;37.923;31.621;95.148;43.765
22.09.2014;172.23;37.715;31.52;95.243;43.342
23.09.2014;170.92;36.998;31.257;96.75;42.881
24.09.2014;171.52;37.563;31.557;95.898;43.361
25.09.2014;168.58;36.933;31.003;92.244;42.402
26.09.2014;169.53;37.116;31.113;94.967;42.742
29.09.2014;169.15;36.628;31.692;94.359;42.772
30.09.2014;169.3;36.475;31.621;94.967;42.697
01.10.2014;166.95;36.294;30.868;93.482;42.275
02.10.2014;166.7;36.466;30.442;94.159;42.144
03.10.2014;168.27;37.058;30.901;93.897;42.448
06.10.2014;168.59;37.355;30.976;93.897;42.448
07.10.2014;165.62;36.76;30.393;93.075;41.932
08.10.2014;168.89;37.296;31.122;95.002;43.085
09.10.2014;166.27;37.028;30.53;95.203;42.228
10.10.2014;165.83;36.417;28.977;94.952;40.55
13.10.2014;163.68;36.542;28.579;94.075;40.2
14.10.2014;163.94;36.76;29.188;93.075;40.275
15.10.2014;162.09;36.609;28.398;91.936;39.806
16.10.2014;160.41;35.9;28.015;90.729;39.363
17.10.2014;162.37;36.198;28.497;92.057;40.182
20.10.2014;150.82;36.129;28.677;94.027;40.599
21.10.2014;145.57;36.655;29.612;96.584;41.335
22.10.2014;144.3;35.977;29.304;97.085;40.874
23.10.2014;144.65;36.542;29.687;98.806;41.465
24.10.2014;144.57;37.018;30.129;99.173;42.486
27.10.2014;144.38;36.731;30.148;99.074;42.284
28.10.2014;145.91;36.942;30.638;100.6;42.817
29.10.2014;145.79;36.878;30.803;101.18;42.936
30.10.2014;146.58;36.8;29.586;100.82;42.412
31.10.2014;146.63;37.326;30.885;101.79;43.241
03.11.2014;146.59;37.266;31.155;103.11;43.694
04.11.2014;145.06;37.402;31.365;102.35;43.811
05.11.2014;144.33;37.555;30.86;102.59;44.08
06.11.2014;144.99;38.051;30.913;102.88;44.852
07.11.2014;145.54;38.174;30.694;103.18;44.833
10.11.2014;146.8;38.663;30.401;103.01;45.029
11.11.2014;146.64;38.682;30.448;103.86;45.009
12.11.2014;145.41;38.367;30.51;105.3;44.926
13.11.2014;146.2;38.921;30.785;106.81;45.69
14.11.2014;147.44;39.036;31.031;108.08;45.664
17.11.2014;147.44;39.342;31.298;107.91;45.551
18.11.2014;145.38;39.438;31.728;109.32;45.173
19.11.2014;144.96;39.112;31.398;108.54;44.69
20.11.2014;144.25;39.112;32.862;110.1;45.134
21.11.2014;144.51;39.61;32.533;110.25;44.468
24.11.2014;145.6;39.6;33.137;112.3;44.107
25.11.2014;145.26;39.332;33.198;111.32;43.995
26.11.2014;145.43;40.018;33.727;112.66;44.255
28.11.2014;145.62;40.534;34.049;112.6;44.309
01.12.2014;145.06;40.222;33.975;108.94;45.062
02.12.2014;146.08;40.316;34.369;108.51;44.914
03.12.2014;147.74;40.202;34.214;109.73;44.558
04.12.2014;147.33;40.038;34.239;109.34;45.265
05.12.2014;146.62;40.077;34.433;108.87;44.877
08.12.2014;145.36;39.541;34.003;106.39;44.199
09.12.2014;146.37;40.018;33.719;108.02;44.107
10.12.2014;144.14;39.112;33.291;105.99;43.467
11.12.2014;144.64;38.959;33.547;105.67;43.718
12.12.2014;139.54;38.184;33.108;103.89;43.513
15.12.2014;137.45;39.294;32.833;102.44;43.254
16.12.2014;135.96;38.834;32.505;101.05;41.856
17.12.2014;136.43;39.342;33.127;103.58;42.392
18.12.2014;141.61;43.345;33.837;106.64;44.041
19.12.2014;142.35;43.968;33.245;105.82;44.17
22.12.2014;144.97;43.632;34.013;106.92;44.468
23.12.2014;145.69;43.978;34.214;106.53;44.904
24.12.2014;145.32;44.188;34.221;106.04;44.617
26.12.2014;145.78;44.063;34.324;107.91;44.377
29.12.2014;144.14;43.595;33.984;107.84;43.977
30.12.2014;143.74;43.336;33.6;106.51;43.579
31.12.2014;144.07;42.983;33.172;104.49;43.051
02.01.2015;145.54;42.371;33.235;103.5;43.337
05.01.2015;143.24;41.779;32.862;100.58;42.938
06.01.2015;140.14;41.344;32.248;100.59;42.308
07.01.2015;139.23;41.354;32.923;102.01;42.847
08.01.2015;142.26;41.603;33.538;105.93;44.107
09.01.2015;142.88;41.584;33.6;106.04;43.736
12.01.2015;140.5;41.471;33.454;103.42;43.19
13.01.2015;140.82;41.145;33.363;104.35;42.955
14.01.2015;139.9;41.271;33.225;103.95;42.595
15.01.2015;138.81;40.857;33.079;101.12;42.151
16.01.2015;141.1;41.702;33.317;100.32;42.857
20.01.2015;140.93;42.073;32.99;102.9;42.995
21.01.2015;136.58;41.682;33.345;103.72;42.56
22.01.2015;139.55;42.219;33.737;106.39;43.681
23.01.2015;139.96;42.352;33.307;106.96;43.727
26.01.2015;140.42;42.073;32.733;107.06;43.57
27.01.2015;137.99;41.593;31.252;103.31;39.536
28.01.2015;136.09;40.915;30.878;109.16;38.175
29.01.2015;139.63;41.077;31.27;112.57;38.934
30.01.2015;137.68;40.149;30.201;110.91;37.444
02.02.2015;138.9;40.906;30.759;112.3;38.258
03.02.2015;142.31;41.251;30.804;112.32;38.555
04.02.2015;140.94;40.656;30.933;113.17;38.776
05.02.2015;141.8;41.364;31.245;113.99;39.342
06.02.2015;141.72;41.193;30.647;113.02;39.307
09.02.2015;140.84;41.593;30.317;113.77;39.26
10.02.2015;143.39;42.16;31.024;115.96;39.482
11.02.2015;143.04;41.557;30.888;118.67;39.279
12.02.2015;143.35;42.063;31.421;120.19;39.937
13.02.2015;145.05;42.103;31.633;120.77;40.659
17.02.2015;145.55;42.018;31.984;121.49;40.676
18.02.2015;146.65;42.266;31.54;122.31;40.631
19.02.2015;148.2;42.276;31.493;122.07;40.604
20.02.2015;147.98;41.951;31.677;123.07;40.93
23.02.2015;147.33;41.96;31.08;126.4;41.208
24.02.2015;149.05;42.055;31.677;125.61;41.154
25.02.2015;147.23;41.911;31.245;122.38;41.061
26.02.2015;145.48;42.063;30.979;123.93;41.126
27.02.2015;146.45;41.999;30.611;122.08;40.93
02.03.2015;145.12;42.2;31.354;122.67;40.957
03.03.2015;145.61;41.575;31.393;122.94;40.398
04.03.2015;144.16;41.797;31.411;122.16;40.191
05.03.2015;145.75;41.98;31.052;120.14;40.24
06.03.2015;143.33;40.618;30.556;120.32;39.537
09.03.2015;145.39;40.915;30.121;120.82;39.996
10.03.2015;142.71;40.081;29.184;118.32;39.23
11.03.2015;141.79;39.744;29.764;116.16;39.185
12.03.2015;142.86;39.89;28.053;116.79;38.455
13.03.2015;139.53;40.618;28.473;117.47;38.623
16.03.2015;142.03;41.603;28.383;118.74;38.791
17.03.2015;141.93;41.087;28.162;120.73;38.914
18.03.2015;144.52;42.296;28.438;122.09;39.671
19.03.2015;144.52;42.322;28.301;121.17;39.464
20.03.2015;147.3;42.563;28.825;119.67;40.024
23.03.2015;148.87;42.409;28.724;120.89;39.996
24.03.2015;147.42;41.892;28.344;120.4;40.042
25.03.2015;143.95;41.145;27.518;117.27;38.7
26.03.2015;145.23;41.202;27.692;118.07;38.465
27.03.2015;145.05;40.867;29.459;117.14;38.241
30.03.2015;147.1;41.633;28.964;120.1;38.232
31.03.2015;145.14;41.354;28.787;118.24;37.946
01.04.2015;143.93;41.155;28.364;118.08;38.008
02.04.2015;145.09;40.992;28.364;119.1;37.607
06.04.2015;146.54;41.318;28.577;121.02;38.772
07.04.2015;146.57;41.318;28.778;119.76;38.764
08.04.2015;146.37;41.462;28.825;119.37;38.662
09.04.2015;146.8;41.548;28.76;120.28;38.719
10.04.2015;147.28;41.846;29.396;120.78;38.939
13.04.2015;146.83;41.434;29.211;120.54;38.978
14.04.2015;146.76;41.096;28.99;120.03;38.877
15.04.2015;148.44;42.308;30.225;120.48;39.447
16.04.2015;147.52;41.798;30.26;119.91;39.352
17.04.2015;145.3;41.355;29.891;118.55;38.849
20.04.2015;150.26;41.664;30.13;121.27;40.042
21.04.2015;148.55;41.761;29.856;120.6;39.796
22.04.2015;149.54;41.885;30.106;122.22;40.127
23.04.2015;153.95;41.732;29.781;123.24;40.454
24.04.2015;153.53;41.434;29.534;123.82;44.681
27.04.2015;154.39;41.944;29.921;126.06;44.83
28.04.2015;157.29;42.799;30.398;124.06;45.881
29.04.2015;157.69;43.021;30.27;122.24;45.793
30.04.2015;154.9;41.954;29.967;118.94;45.4
01.05.2015;157.05;42.674;30.767;122.54;45.409
04.05.2015;157.32;42.885;30.777;122.3;45.028
05.05.2015;156.52;42.243;30.266;119.57;44.429
06.05.2015;154.95;41.605;29.876;118.8;43.199
07.05.2015;155.79;41.817;29.894;119.55;43.589
08.05.2015;157.34;42.326;30.414;121.79;44.568
11.05.2015;155.92;42.164;30.313;120.54;44.216
12.05.2015;155.4;41.904;29.904;120.12;44.196
13.05.2015;156.96;42.116;30.266;120.26;44.453
14.05.2015;158.59;42.684;30.572;123.07;45.475
15.05.2015;157.86;42.464;30.592;122.89;45.074
18.05.2015;157.68;42.55;30.981;124.23;44.813
19.05.2015;158.06;42.625;30.74;124.11;44.699
20.05.2015;158.32;42.596;30.942;124.1;44.699
21.05.2015;157.93;42.586;31.112;125.41;44.548
22.05.2015;156.92;42.252;31.017;126.49;44.062
26.05.2015;155.02;41.674;30.692;123.72;43.77
27.05.2015;156.7;42.454;31.259;126.01;44.727
28.05.2015;156.46;42.184;31.538;125.75;44.576
29.05.2015;154.57;41.826;31.954;124.31;44.023
01.06.2015;155.07;42.116;31.44;124.57;44.372
02.06.2015;154.57;42.031;30.851;124;44.081
03.06.2015;154.82;42.29;30.35;124.16;44.013
04.06.2015;153.41;42.096;29.961;123.47;43.555
05.06.2015;152.53;42.134;29.525;122.77;43.347
08.06.2015;150.65;41.452;29.023;121.97;42.96
09.06.2015;150.95;41.425;28.977;121.61;42.887
10.06.2015;153.92;42.261;29.506;123;43.789
11.06.2015;153.78;42.586;29.534;122.71;43.628
12.06.2015;152.16;42.645;29.042;121.37;43.188
15.06.2015;151.49;42.049;29.106;121.12;42.718
16.06.2015;152.01;42.934;29.339;121.78;43.057
17.06.2015;152.31;43.193;29.625;121.49;43.188
18.06.2015;153.3;41.106;30.024;122.03;43.892
19.06.2015;152.16;40;29.738;120.81;43.308
22.06.2015;152.82;39.905;29.914;121.78;43.429
23.06.2015;153.63;40.115;29.751;121.23;43.13
24.06.2015;152.14;39.626;29.59;122.25;42.867
25.06.2015;151.33;39.49;29.663;121.69;42.887
26.06.2015;150.77;39.424;28.763;120.96;42.519
29.06.2015;148.5;38.876;28.182;118.84;41.685
30.06.2015;148.2;38.759;28.203;119.7;41.478
01.07.2015;149.88;38.701;27.985;120.81;41.749
02.07.2015;150.42;38.817;28.336;120.66;41.713
06.07.2015;150.09;38.759;27.856;120.25;41.703
07.07.2015;150.34;38.769;27.726;119.95;41.619
08.07.2015;148.66;38.393;27.355;116.97;41.561
09.07.2015;149.29;38.788;26.826;114.59;41.825
10.07.2015;152.12;38.962;27.048;117.65;41.91
13.07.2015;154.34;39.387;27.568;119.92;42.784
14.07.2015;153.62;39.368;27.494;119.87;42.86
15.07.2015;153.56;39.378;27.531;121.02;42.99
16.07.2015;155.8;39.54;27.726;122.63;43.835
17.07.2015;157.19;39;27.327;123.72;43.798
20.07.2015;157.82;38.547;26.984;126.03;44.081
21.07.2015;148.57;38.199;26.632;124.78;44.416
22.07.2015;146.1;38.055;26.521;119.51;42.784
23.07.2015;147.37;37.649;26.512;119.45;43.318
24.07.2015;145.55;37.649;26.019;118.81;43.158
27.07.2015;144.92;37.177;26.287;117.17;42.605
28.07.2015;145.82;37.918;26.853;117.75;42.595
29.07.2015;146.77;38.411;26.901;117.39;43.488
30.07.2015;146.65;38.276;26.807;116.78;44.042
31.07.2015;147.59;38.557;26.844;115.76;43.873
03.08.2015;144.6;38.336;26.936;113.02;43.976
04.08.2015;143.59;38.286;27.012;109.41;44.663
05.08.2015;143.86;38.266;27.227;110.13;44.699
06.08.2015;143.61;37.958;27.123;110.37;43.798
07.08.2015;142.53;38.189;27.003;110.74;43.91
10.08.2015;144;38.508;27.712;114.78;44.465
11.08.2015;142.87;37.814;27.086;108.8;43.6
12.08.2015;143.48;37.918;27.546;110.47;43.91
13.08.2015;142.48;37.948;26.993;110.38;43.902
14.08.2015;143.07;38.045;27.133;111.16;44.154
17.08.2015;143.6;38.346;27.189;112.32;44.456
18.08.2015;143.33;38.45;27.032;111.68;44.701
19.08.2015;141.44;38.16;26.517;110.25;44.078
20.08.2015;140.25;37.292;25.739;107.98;43.179
21.08.2015;136.75;36.249;24.833;101.4;40.73
24.08.2015;131.82;34.83;24.543;98.855;39.415
25.08.2015;129.51;34.221;24.188;99.452;38.27
26.08.2015;134.77;35.631;25.524;105.15;40.389
27.08.2015;136.46;35.544;25.916;108.25;41.515
28.08.2015;135.94;36.163;26.571;108.6;41.543
31.08.2015;135.87;35.805;26.684;108.09;41.156
01.09.2015;131.06;34.762;26.011;103.26;39.547
02.09.2015;133.25;35.478;26.74;107.7;41.004
03.09.2015;134.85;35.621;27.189;105.81;41.137
04.09.2015;132;35.013;26.667;104.74;40.296
08.09.2015;135.28;36.376;27.58;107.67;41.505
09.09.2015;133.25;35.805;27.339;105.6;40.73
10.09.2015;134.32;36.307;27.367;107.92;40.936
11.09.2015;135.39;36.607;27.555;109.49;41.118
14.09.2015;133.81;36.259;27.478;110.54;40.701
15.09.2015;135.54;36.675;27.796;111.47;41.59
16.09.2015;136.35;36.944;27.834;111.59;41.893
17.09.2015;136.1;35.468;27.78;109.22;41.847
18.09.2015;132.77;35.12;27.133;108.76;41.118
21.09.2015;134.56;35.554;27.263;110.44;41.714
22.09.2015;132.69;34.937;26.806;108.71;41.515
23.09.2015;131.97;34.743;26.872;109.59;41.485
24.09.2015;132.67;34.811;26.629;110.24;41.524
25.09.2015;133.59;34.801;26.935;109.96;41.552
28.09.2015;130.92;34.211;26.891;107.8;40.936
29.09.2015;130.88;34.279;27.339;104.55;41.078
30.09.2015;133.17;34.869;28.182;105.74;41.856
01.10.2015;131.91;34.985;28.051;105.04;42.185
02.10.2015;132.83;35.612;28.527;105.82;43.094
05.10.2015;136.91;36.288;29.181;106.2;44.097
06.10.2015;136.69;36.424;29.676;106.71;44.21
07.10.2015;137.9;36.356;30.215;106.2;44.257
08.10.2015;139.89;36.577;30.405;104.96;44.872
09.10.2015;139.99;36.927;30.051;107.49;44.549
12.10.2015;138.86;36.869;30.116;106.99;44.446
13.10.2015;137.46;36.655;29.957;107.16;44.343
14.10.2015;137.82;36.113;30.667;105.66;44.142
15.10.2015;137.9;36.393;30.622;107.23;44.456
16.10.2015;138.16;36.219;30.892;106.44;44.929
19.10.2015;137.09;35.735;31.406;107.1;45.033
20.10.2015;129.2;35.725;31.266;109.08;45.174
21.10.2015;129.47;35.493;31.201;109.07;44.636
22.10.2015;132.38;36.627;32.164;110.72;45.42
23.10.2015;132.92;36.898;32.631;114.16;49.997
26.10.2015;131.97;37.188;32.34;110.51;51.302
27.10.2015;126.66;37.16;32.227;109.81;50.771
28.10.2015;129.39;37.682;32.452;114.34;51.048
29.10.2015;129.11;37.662;31.817;115.54;50.461
30.10.2015;128.7;37.645;31.659;114.56;49.779
02.11.2015;128.94;38.525;31.892;116.16;50.345
03.11.2015;130.35;38.962;32.079;117.51;51.208
04.11.2015;130.1;39.233;32.156;116.95;51.445
05.11.2015;128.53;39.107;32.013;116.42;51.425
06.11.2015;128.2;39.369;31.863;116.56;51.935
09.11.2015;125.48;38.865;31.402;116.07;51.215
10.11.2015;125.63;38.69;31.27;112.43;50.602
11.11.2015;125.2;37.839;30.94;111.79;50.734
12.11.2015;123.36;37.44;30.506;111.41;50.423
13.11.2015;122.17;36.151;30.234;108.15;49.968
16.11.2015;123.99;36.946;30.225;109.92;50.84
17.11.2015;124.1;36.956;30.734;109.46;50.43
18.11.2015;125.94;37.507;31.222;112.91;51.267
19.11.2015;126.81;37.819;32.297;114.36;51.353
20.11.2015;128.44;38.129;32.635;114.86;51.591
23.11.2015;128.4;37.934;32.465;113.35;51.591
24.11.2015;128.54;38.244;32.351;114.45;51.648
25.11.2015;127.95;38.051;32.437;113.63;51.114
27.11.2015;128.4;37.973;32.446;113.41;51.344
30.11.2015;129.29;37.769;32.739;113.9;51.743
01.12.2015;131;38.021;33.039;112.95;52.571
02.12.2015;129.56;37.507;32.794;111.95;52.562
03.12.2015;128.84;36.646;32.051;110.91;51.601
04.12.2015;130.22;37.954;32.897;114.6;53.228
07.12.2015;129.42;37.626;32.946;113.88;53.132
08.12.2015;128;37.537;32.72;113.83;53.113
09.12.2015;126.69;37.393;32.775;111.31;52.343
10.12.2015;126.85;37.013;32.739;111.84;52.619
11.12.2015;124.79;36.063;32.268;108.97;51.468
14.12.2015;126.04;36.49;32.455;108.29;52.495
15.12.2015;127.79;37.033;33.125;106.37;52.552
16.12.2015;129.16;37.712;33.237;107.19;53.439
17.12.2015;126.82;35.792;32.87;104.91;53.029
18.12.2015;125.1;35.231;31.891;102.09;51.534
21.12.2015;125.66;35.298;32.238;103.33;52.199
22.12.2015;127.9;35.463;32.7;103.23;52.694
23.12.2015;128.48;35.792;32.955;104.56;53.142
24.12.2015;128.2;35.87;32.936;104.01;52.999
28.12.2015;127.61;35.657;32.888;102.83;53.266
29.12.2015;129.63;35.899;33.369;104.68;53.838
30.12.2015;129.21;35.782;32.946;103.32;53.611
31.12.2015;127.62;35.405;32.437;101.35;52.818
04.01.2016;126.06;34.791;32.003;101.44;52.172
05.01.2016;125.97;34.685;31.853;98.885;52.409
06.01.2016;125.35;34.86;31.146;96.949;51.458
07.01.2016;123.21;34.101;29.98;92.857;49.667
08.01.2016;122.06;33.72;29.669;93.349;49.819
11.01.2016;123.55;34.002;30.187;94.86;49.791
12.01.2016;123.24;34.424;30.77;96.238;50.249
13.01.2016;121.63;33.166;30.046;93.762;49.163
14.01.2016;123.25;33.858;30.826;95.814;50.563
15.01.2016;120.58;33.204;28.021;93.512;48.545
19.01.2016;118.79;33.625;28.06;93.059;48.134
20.01.2016;113;33.031;27.861;93.184;48.354
21.01.2016;113.98;33.204;27.926;92.712;48.06
22.01.2016;113.59;33.868;28.178;97.641;49.781
25.01.2016;113.21;33.419;27.871;95.736;49.305
26.01.2016;113.68;34.285;28.192;96.266;49.667
27.01.2016;112.17;33.973;28.069;89.941;48.764
28.01.2016;113.33;34.384;28.219;90.585;49.559
29.01.2016;115.73;35.337;29.208;93.715;52.4
01.02.2016;115.76;35.347;29.019;92.839;52.085
02.02.2016;114.01;34.404;28.06;90.961;50.458
03.02.2016;115.66;34.732;27.869;92.761;49.657
04.02.2016;118.38;35.473;28.277;93.506;49.504
05.02.2016;119.23;34.742;27.582;91.009;47.753
08.02.2016;118.95;34.657;27.375;91.968;47.04
09.02.2016;116.22;34.141;27.366;91.948;46.916
10.02.2016;112.59;34.255;26.814;91.252;47.325
11.02.2016;110.4;33.908;26.805;90.7;47.307
12.02.2016;113.39;34.588;27.204;90.98;48.08
16.02.2016;114.98;34.742;27.337;93.545;48.989
17.02.2016;118.13;35.648;27.992;94.979;50.265
18.02.2016;124.08;35.648;27.944;93.177;50.043
19.02.2016;124.67;35.794;27.27;92.965;49.688
22.02.2016;125.32;36.116;27.879;93.778;50.484
23.02.2016;124.03;35.571;27.356;91.659;49.076
24.02.2016;124.41;35.648;27.726;93.022;49.248
25.02.2016;125.99;36.291;28.134;93.66;49.957
26.02.2016;123.68;35.969;28.307;93.808;49.19
29.02.2016;122.75;35.794;28.106;93.594;48.787
01.03.2016;125.87;36.97;28.847;97.309;50.418
02.03.2016;127.69;36.747;29.008;97.522;50.771
03.03.2016;129.08;36.875;29.046;98.26;50.196
04.03.2016;129.08;36.875;29.095;99.73;49.89
07.03.2016;131.29;37.333;29.389;98.607;48.932
08.03.2016;130.28;37.128;29.027;97.797;49.525
09.03.2016;131.55;37.449;29.317;97.885;50.668
10.03.2016;131.33;37.03;29.683;97.935;49.909
11.03.2016;133.36;37.905;30.167;98.984;50.888
14.03.2016;133.76;37.662;29.854;99.233;50.984
15.03.2016;133.92;37.702;30.064;101.24;51.385
16.03.2016;135.63;39.143;30.102;102.57;52.114
17.03.2016;137.74;39.52;30.376;102.41;52.411
18.03.2016;137.79;40.369;31.04;102.53;51.289
21.03.2016;139.24;40.494;30.719;102.52;51.645
22.03.2016;138.73;40.27;30.699;103.3;51.846
23.03.2016;136.22;39.659;30.394;102.73;51.75
24.03.2016;138.6;39.872;30.281;102.28;51.981
28.03.2016;139.02;39.53;30.03;101.82;51.338
29.03.2016;139.89;39.609;30.757;104.24;52.46
30.03.2016;139.03;39.872;31.07;106.05;52.785
31.03.2016;141.88;39.813;30.729;105.5;52.957
01.04.2016;142.89;40.056;30.822;106.46;53.284
04.04.2016;142.47;39.969;30.394;107.56;53.15
05.04.2016;140.53;39.444;30.03;106.3;52.316
06.04.2016;140.55;39.659;30.471;107.41;52.853
07.04.2016;138.88;38.9;29.968;105.06;52.22
08.04.2016;139.91;39.277;30.044;105.18;52.183
11.04.2016;139.81;39.307;30.083;105.53;52.075
12.04.2016;140.17;39.483;30.261;106.91;52.402
13.04.2016;141.67;40.353;30.518;108.44;53.074
14.04.2016;141.62;40.283;30.206;108.5;53.082
15.04.2016;142.12;40.069;29.882;106.34;53.36
18.04.2016;142.9;40.283;30.064;104.04;54.137
19.04.2016;134.89;40.109;30.014;103.49;54.07
20.04.2016;136.87;40.148;30.394;103.71;53.304
21.04.2016;139.86;40.039;30.367;102.57;53.486
22.04.2016;139.12;39.756;30.054;102.29;49.65
25.04.2016;139.41;39.835;29.816;101.71;49.966
26.04.2016;139.66;39.709;29.826;101.01;49.324
27.04.2016;140.95;39.904;30.157;94.678;48.845
28.04.2016;137.77;39.396;29.551;91.792;47.848
29.04.2016;136.72;38.937;28.761;90.739;47.829
02.05.2016;136.09;39.366;29.076;90.641;48.528
03.05.2016;135.02;38.76;28.839;92.132;47.732
04.05.2016;135.14;38.38;28.597;91.174;47.819
05.05.2016;137.22;38.321;28.645;90.804;47.887
06.05.2016;139.31;38.496;28.779;90.296;48.316
09.05.2016;139.36;38.448;28.551;90.366;48.01
10.05.2016;141.85;39.092;28.876;90.979;48.922
11.05.2016;140.88;38.731;28.799;90.093;48.95
12.05.2016;140.78;38.898;28.511;87.979;49.392
13.05.2016;139.72;38.692;28.655;88.154;48.979
16.05.2016;141.37;39.043;29.115;91.427;49.698
17.05.2016;139.98;38.683;28.723;91.047;48.772
18.05.2016;139.36;38.555;28.732;92.09;49.061
19.05.2016;137.08;37.94;28.387;91.737;48.588
20.05.2016;139.28;38.496;28.885;92.732;48.877
23.05.2016;138.82;38.271;28.963;93.909;48.306
24.05.2016;140.28;38.976;29.757;95.342;49.814
25.05.2016;143.48;39.201;30.074;96.998;50.344
26.05.2016;144.18;39.024;30.169;97.787;50.104
27.05.2016;144.57;39.142;30.246;97.729;50.509
31.05.2016;145.42;39.268;30.255;97.251;51.177
01.06.2016;144.24;39.326;30.332;95.886;51.041
02.06.2016;145.19;37.763;30.428;95.167;50.675
03.06.2016;144.61;38.194;30.293;95.361;50.007
06.06.2016;144.46;38.525;30.352;96.054;50.334
07.06.2016;145.02;38.223;30.542;96.442;50.307
08.06.2016;145.66;38.37;30.552;96.354;50.249
09.06.2016;145.11;38.146;30.601;97.046;49.843
10.06.2016;144.12;37.843;30.696;96.258;49.708
13.06.2016;143.07;37.724;30.83;94.796;48.415
14.06.2016;142.89;37.93;30.792;94.914;48.114
15.06.2016;142.53;37.549;30.284;94.602;47.979
16.06.2016;142.89;37.743;30.362;95;48.655
17.06.2016;143.77;38.76;30.428;92.839;48.405
20.06.2016;145.29;38.809;30.82;92.616;48.346
21.06.2016;145.71;39.062;30.965;93.404;49.428
22.06.2016;144.64;39.082;30.945;93.063;49.245
23.06.2016;146.93;39.884;31.607;93.589;50.123
24.06.2016;138.64;38.321;30.228;90.96;48.114
27.06.2016;135.72;37.589;29.433;89.635;46.763
28.06.2016;137.81;38.223;29.881;91.145;47.738
29.06.2016;140.43;39.61;30.592;91.934;48.8
30.06.2016;143.57;39.982;31.424;93.102;49.409
01.07.2016;144.1;40.059;31.377;93.384;49.399
05.07.2016;143.47;39.609;31.309;92.556;49.409
06.07.2016;144.12;39.736;31.587;93.034;49.611
07.07.2016;144.33;39.736;31.807;93.433;49.611
08.07.2016;146.09;40.069;32.574;94.154;50.5
11.07.2016;146.92;39.982;32.938;94.445;50.779
12.07.2016;148.54;40.609;33.474;94.874;51.377
13.07.2016;149.47;40.649;33.543;94.339;51.669
14.07.2016;151.59;40.854;33.722;96.199;51.889
15.07.2016;151.13;40.952;33.598;96.199;51.852
18.07.2016;151.21;40.824;33.579;97.222;52.102
19.07.2016;150.94;40.274;33.678;97.261;51.263
20.07.2016;152.62;40.442;34.194;97.347;53.985
21.07.2016;151.76;40.266;32.833;96.831;53.878
22.07.2016;153.29;40.274;33.206;96.082;54.624
25.07.2016;153.85;40.354;33.235;94.796;54.779
26.07.2016;153.33;40.139;33.618;94.144;54.806
27.07.2016;153.06;40.129;33.369;100.26;54.256
28.07.2016;152.63;40.384;33.311;101.61;54.275
29.07.2016;151.92;40.237;33.399;101.49;54.729
01.08.2016;152.71;40.344;33.389;103.28;54.633
02.08.2016;151.89;39.914;33.111;101.75;54.633
03.08.2016;151.96;39.914;33.062;103.02;55.008
04.08.2016;152.8;40.099;33.381;103.67;55.415
05.08.2016;154.64;40.324;33.767;105.23;55.964
08.08.2016;154.58;40.354;33.816;106.11;56.061
09.08.2016;154.33;40.294;33.708;106.54;56.198
10.08.2016;154.62;40.284;33.333;105.75;56.024
11.08.2016;156.01;40.472;33.477;105.68;56.293
12.08.2016;154.5;40.284;33.371;105.93;55.945
15.08.2016;154.43;40.579;33.699;107.19;56.119
16.08.2016;153.31;40.511;33.988;107.1;55.809
17.08.2016;153.06;40.404;33.807;106.93;55.925
18.08.2016;153.95;40.334;33.757;106.81;55.963
19.08.2016;152.68;40.511;34.018;107.08;55.983
22.08.2016;152.64;40.414;34.133;106.25;56.032
23.08.2016;152.89;40.688;34.173;106.58;56.246
24.08.2016;151.73;40.266;33.932;105.78;56.304
25.08.2016;151.34;40.294;33.872;105.32;56.518
26.08.2016;151.04;40.452;34.047;104.7;56.392
29.08.2016;152.37;40.501;34.318;104.59;56.45
30.08.2016;152.07;40.501;34.463;103.78;56.246
31.08.2016;151.57;40.414;34.645;103.89;55.828
01.09.2016;152.21;40.354;34.77;104.5;55.944
02.09.2016;152.22;40.442;34.829;105.48;56.032
06.09.2016;152.97;40.442;35.301;105.45;55.973
07.09.2016;154.2;40.442;35.196;106.1;56.023
08.09.2016;151.68;39.924;35.176;103.32;55.799
09.09.2016;148.53;39.246;34.212;100.98;54.615
12.09.2016;151.01;39.884;34.829;103.24;55.43
13.09.2016;148.64;39.394;34.374;105.7;54.925
14.09.2016;146.96;39.463;34.393;109.44;54.66
15.09.2016;148.51;40.059;35.301;113.15;55.565
16.09.2016;146.76;38.157;36.363;112.53;55.624
19.09.2016;147.75;38.462;35.872;111.21;55.313
20.09.2016;147.35;38.305;35.852;111.2;55.196
21.09.2016;148.38;38.736;36.152;111.18;56.119
22.09.2016;148.93;38.736;36.248;112.23;56.178
23.09.2016;147.86;38.462;35.901;110.36;55.799
26.09.2016;146.9;38.265;35.38;110.52;55.283
27.09.2016;149.56;38.53;35.891;110.72;56.304
28.09.2016;151.01;38.668;36.142;111.58;56.382
29.09.2016;150.84;38.354;36.026;109.85;55.769
30.09.2016;151.55;38.51;36.44;110.68;55.963
03.10.2016;150.36;38.226;36.354;110.18;55.789
04.10.2016;149.26;38.11;36.238;110.63;55.614
05.10.2016;149.86;38.384;36.673;110.68;56.003
06.10.2016;149.66;38.11;36.75;111.52;56.1
07.10.2016;148.52;38.1;36.778;111.69;56.158
10.10.2016;149.8;38.01;36.702;113.63;56.392
11.10.2016;147.67;37.41;35.977;113.88;55.565
12.10.2016;147.19;37.449;35.842;114.9;55.488
13.10.2016;146.65;37.429;35.688;114.54;55.303
14.10.2016;147.35;37.804;36.152;115.18;55.789
17.10.2016;147.65;37.685;35.997;115.11;55.595
18.10.2016;143.79;37.814;36.44;115.03;56.023
19.10.2016;144.3;37.744;34.278;114.68;55.896
20.10.2016;144.56;37.488;34.203;114.62;55.624
21.10.2016;142.75;37.332;33.932;114.17;57.966
24.10.2016;143.65;37.665;34.038;115.2;59.268
25.10.2016;143.93;37.754;33.882;115.78;59.258
26.10.2016;144.83;37.705;33.708;113.17;58.908
27.10.2016;146.3;37.618;33.602;112.1;58.393
28.10.2016;145.59;37.568;33.536;111.35;58.17
31.10.2016;146.63;37.814;33.662;111.17;58.218
01.11.2016;145.76;37.854;33.323;109.17;58.102
02.11.2016;144.95;37.429;33.401;109.27;57.742
03.11.2016;145.37;37.705;33.002;108.09;57.529
04.11.2016;145.42;37.675;32.69;107.11;57.044
07.11.2016;148.56;38.473;33.74;108.66;58.704
08.11.2016;149.38;38.512;33.79;109.31;58.752
09.11.2016;149.03;38.926;33.8;109.13;58.46
10.11.2016;154.23;38.955;33.555;106.08;57.034
11.11.2016;155.24;38.827;33.664;106.72;57.344
14.11.2016;152.3;38.68;33.537;104.04;56.469
15.11.2016;152.75;38.552;33.955;105.41;57.585
16.11.2016;153.34;39.073;33.876;108.25;58.348
17.11.2016;153.84;39.615;34.062;108.21;59.315
18.11.2016;154.4;39.23;33.993;108.31;59.032
21.11.2016;156.69;39.26;34.023;109.96;59.53
22.11.2016;156.59;39.458;34.509;110.03;59.776
23.11.2016;155.94;39.468;34.235;109.47;59.081
25.11.2016;157.04;39.635;34.471;110.02;59.208
28.11.2016;158.38;39.665;34.538;109.81;59.287
29.11.2016;157.43;39.911;34.345;109.7;59.756
30.11.2016;156.16;39.555;33.75;108.77;58.944
01.12.2016;153.86;38.09;32.837;107.76;57.907
02.12.2016;154.04;37.893;33.225;108.16;57.956
05.12.2016;153.88;38.355;33.448;107.38;58.905
06.12.2016;154.36;38.847;33.77;108.21;58.641
07.12.2016;158.64;39.684;34.528;109.28;60.03
08.12.2016;159.18;39.714;34.723;110.35;59.676
09.12.2016;160.3;39.881;34.781;112.15;60.617
12.12.2016;159.32;39.871;34.986;111.51;60.812
13.12.2016;162;40.117;35.793;113.36;61.604
14.12.2016;162.22;40.235;35.551;113.36;61.321
15.12.2016;161.74;40.215;35.783;113.99;61.213
16.12.2016;160.51;38.482;35.316;114.14;60.94
19.12.2016;160.46;38.286;35.881;114.8;62.231
20.12.2016;161.35;38.385;36.192;115.11;62.152
21.12.2016;161.08;38.217;35.967;115.21;62.162
22.12.2016;160.82;38.346;35.91;114.45;62.162
23.12.2016;160.49;38.167;35.957;114.68;61.859
27.12.2016;160.9;38.207;36.056;115.41;61.899
28.12.2016;159.98;38.07;35.627;114.92;61.614
29.12.2016;160.38;38.08;35.657;114.89;61.527
30.12.2016;159.79;37.844;35.278;113.99;60.784
03.01.2017;160.95;38.091;35.598;114.31;61.213
04.01.2017;162.94;38.278;35.422;114.19;60.94
05.01.2017;162.41;38.178;35.355;114.77;60.94
06.01.2017;163.2;37.991;35.481;116.04;61.467
09.01.2017;161.39;38.565;35.607;117.11;61.272
10.01.2017;159.34;38.198;35.541;117.23;61.252
11.01.2017;161.49;38.644;35.939;117.86;61.81
12.01.2017;161.67;38.732;35.705;117.37;61.242
13.01.2017;161.09;38.792;35.783;117.16;61.331
17.01.2017;161.62;38.634;35.793;118.1;61.164
18.01.2017;160.57;38.722;35.753;118.09;61.135
19.01.2017;160.58;38.742;35.569;117.89;60.94
20.01.2017;164.18;39.395;35.919;118.1;61.37
23.01.2017;164.64;39.207;35.763;118.19;61.585
24.01.2017;169.33;39.622;36.581;118.07;62.127
25.01.2017;171.63;39.672;36.765;119.95;62.288
26.01.2017;171.99;39.652;36.532;120.01;62.866
27.01.2017;170.68;39.749;36.941;120.02;64.343
30.01.2017;169.23;39.749;36.381;119.7;63.708
31.01.2017;168;39.632;35.813;119.43;63.237
01.02.2017;167.78;39.365;35.521;126.7;62.192
02.02.2017;168.06;39.502;35.677;126.5;61.79
03.02.2017;169.25;39.948;35.774;127.03;62.288
06.02.2017;169.29;39.622;35.53;128.23;62.25
07.02.2017;171.8;39.592;35.607;129.44;62.045
08.02.2017;170.94;39.542;35.637;129.95;61.956
09.02.2017;171.95;39.749;34.736;130.89;62.66
10.02.2017;173.37;40.303;34.618;130.6;62.602
13.02.2017;174.02;40.6;35.068;131.75;63.306
14.02.2017;174.77;40.61;35.196;133.45;63.543
15.02.2017;176.28;40.916;35.313;133.94;63.503
16.02.2017;176.03;41.094;35.667;133.78;63.493
17.02.2017;175.3;41.559;35.735;134.15;63.592
21.02.2017;174.9;41.766;35.774;135.12;63.463
22.02.2017;175.76;42.003;35.333;135.53;63.336
23.02.2017;176.25;42.448;35.43;134.92;63.592
24.02.2017;175.96;42.655;35.784;135.08;63.592
27.02.2017;174.06;42.191;35.764;135.35;63.209
28.02.2017;174.48;42.082;35.46;135.41;62.962
01.03.2017;176.55;42.408;35.196;138.18;63.877
02.03.2017;175.16;42.379;35.176;137.36;62.992
03.03.2017;174.7;42.181;35.166;138.17;63.227
06.03.2017;175.1;42.062;34.844;137.73;63.247
07.03.2017;175.01;42.092;35.068;137.91;63.376
08.03.2017;174.11;42.102;34.892;137.4;63.957
09.03.2017;171.92;41.934;35.088;137.08;63.7
10.03.2017;172.55;42.171;35.176;137.54;63.897
13.03.2017;171.21;42.072;34.442;137.6;63.68
14.03.2017;170.5;42.279;34.462;137.39;63.386
15.03.2017;170.58;42.536;34.382;138.83;63.72
16.03.2017;171.97;45.185;34.422;139.06;63.612
17.03.2017;170.43;45.115;34.55;138.36;63.837
20.03.2017;170.48;44.691;34.707;139.83;63.897
21.03.2017;168.71;44.305;34.325;138.23;63.189
22.03.2017;169.58;44.255;34.647;139.79;63.995
23.03.2017;169.62;44.414;34.55;139.29;63.837
24.03.2017;168.66;44.117;34.442;139.01;63.947
27.03.2017;168.6;44.305;34.667;139.25;64.064
28.03.2017;169.32;44.157;34.874;142.14;64.251
29.03.2017;168.77;43.988;34.844;142.46;64.428
30.03.2017;168.69;44.147;35.02;142.27;64.665
31.03.2017;168.97;44.078;35.333;142;64.813
03.04.2017;169.31;44.078;35.421;142.04;64.507
04.04.2017;169.33;44.058;35.54;143.1;64.684
05.04.2017;167.74;43.96;35.47;142.36;64.517
06.04.2017;167.32;43.653;35.293;142;64.684
07.04.2017;167.02;43.761;35.293;141.68;64.635
10.04.2017;166.11;43.663;35.068;141.51;64.488
11.04.2017;165.51;43.831;35.011;140;64.438
12.04.2017;165.58;43.841;34.901;140.17;64.192
13.04.2017;164.49;43.663;34.53;139.42;63.917
17.04.2017;166.01;43.951;34.754;140.2;64.438
18.04.2017;164.99;44.179;35.034;139.57;64.349
19.04.2017;156.89;43.851;35.176;139.05;64.005
20.04.2017;157.48;44.189;35.44;140.79;64.458
21.04.2017;155.61;44.089;35.577;140.63;65.344
24.04.2017;155.97;44.495;35.999;141.98;66.455
25.04.2017;155.62;44.377;36.116;142.87;66.839
26.04.2017;155.3;44.347;36.176;142.02;66.751
27.04.2017;155.56;44.427;36.665;142.13;67.184
28.04.2017;155.53;44.615;35.412;141.99;67.371
01.05.2017;154.12;44.705;35.568;144.89;68.305
02.05.2017;154.37;44.783;36.216;145.81;68.198
03.05.2017;153.92;44.545;36.493;145.37;67.981
04.05.2017;154.32;45.121;36.365;144.84;67.715
05.05.2017;150.44;45.231;36.336;147.24;67.902
08.05.2017;149.93;45.211;36.06;151.24;67.843
09.05.2017;149.03;45.131;35.892;152.21;67.942
10.05.2017;148.19;45.181;35.537;151.49;68.207
11.05.2017;147.59;44.813;35.221;152.8;67.371
12.05.2017;147.33;44.735;35.063;154.93;67.292
15.05.2017;148.45;44.973;35.161;154.53;67.341
16.05.2017;150.57;44.943;35.349;154.31;68.697
17.05.2017;147.87;43.891;34.579;149.12;66.787
18.05.2017;147.72;43.831;34.756;151.4;67.014
19.05.2017;148.9;43.97;34.934;151.91;66.995
22.05.2017;149.55;44.287;35.299;152.84;67.747
23.05.2017;148.95;44.219;35.389;152.65;67.975
24.05.2017;149.43;44.487;35.645;152.19;68.064
25.05.2017;150.1;44.853;35.783;152.72;68.905
26.05.2017;149.41;44.913;35.783;152.46;69.241
30.05.2017;148.65;45.071;35.704;152.52;69.687
31.05.2017;149.54;45.041;35.635;151.61;69.123
01.06.2017;149.57;45.439;35.645;152.03;69.38
02.06.2017;148.97;45.309;35.842;154.29;71.013
05.06.2017;149.33;45.567;35.862;152.78;71.538
06.06.2017;149.29;45.26;35.655;153.3;71.776
07.06.2017;147.92;45.051;35.783;154.21;71.646
08.06.2017;149.02;45.071;36;153.83;71.211
09.06.2017;150.98;44.685;35.24;147.87;69.597
12.06.2017;152.04;44.505;35.26;144.33;69.063
13.06.2017;151.13;44.635;35.408;145.5;69.925
14.06.2017;150.69;44.467;35.063;144.07;69.549
15.06.2017;151.1;44.337;34.846;143.22;69.183
16.06.2017;152.24;44.745;34.747;141.2;69.281
19.06.2017;151.7;45.379;35.043;145.25;70.142
20.06.2017;151.81;45.489;34.401;143.92;69.193
21.06.2017;150.67;45.975;34.125;144.78;69.549
22.06.2017;151.28;49.914;33.908;144.54;69.539
23.06.2017;150.99;50.56;33.74;145.19;70.479
26.06.2017;152.09;50.47;33.622;144.73;69.805
27.06.2017;151.61;50.36;33.207;142.66;68.499
28.06.2017;152.18;50.48;33.75;144.74;69.083
29.06.2017;151.01;49.815;33.099;142.61;67.787
30.06.2017;150.71;49.756;33.296;142.95;68.222
03.07.2017;152.43;48.982;33.019;142.43;67.47
05.07.2017;150.56;49.08;33.888;143.02;68.371
06.07.2017;149.28;48.475;33.187;141.66;67.866
07.07.2017;149.84;48.972;33.434;143.11;68.747
10.07.2017;150.32;49.24;33.202;143.97;69.261
11.07.2017;150.09;49.498;33.474;144.44;69.271
12.07.2017;150.58;50.063;33.8;144.65;70.419
13.07.2017;150.52;49.964;33.79;146.66;71.033
14.07.2017;151.12;50.172;34.223;147.93;72.032
17.07.2017;149.91;50.242;34.017;148.44;72.596
18.07.2017;150.88;50.252;34.076;148.95;72.548
19.07.2017;144.55;50.8;34.105;149.89;73.102
20.07.2017;144.67;50.929;34.293;149.21;73.458
21.07.2017;144.1;50.6;34.273;149.14;73.032
24.07.2017;143.03;50.561;34.046;150.96;72.844
25.07.2017;143.23;50.969;34.214;151.6;73.428
26.07.2017;142.42;50.969;34.293;152.31;73.29
27.07.2017;142.13;50.252;34.51;149.43;72.408
28.07.2017;141.37;50.102;34.846;148.39;72.29
31.07.2017;141.74;49.734;35.004;147.62;71.954
01.08.2017;142.36;49.963;35.872;148.92;71.834
02.08.2017;141.53;49.574;36.158;155.97;71.518
03.08.2017;142;50.033;36.277;154.4;71.409
04.08.2017;142.22;49.764;36.088;155.22;71.934
07.08.2017;140.57;49.445;36.218;157.62;71.656
08.08.2017;140.7;48.907;36.198;158.88;72.042
09.08.2017;140.37;48.867;36.377;159.86;71.726
10.08.2017;140.44;47.911;35.929;154.76;70.677
11.08.2017;140.44;48.05;35.661;156.92;71.756
14.08.2017;140.91;48.658;36.128;159.28;72.834
15.08.2017;140.66;48.638;35.79;161.02;72.854
16.08.2017;141.09;49.057;35.601;160.37;73.282
17.08.2017;139.31;48.359;34.965;157.29;72.038
18.08.2017;138.32;48.429;34.806;156.94;72.128
21.08.2017;138.94;48.708;34.717;156.65;71.789
22.08.2017;139.61;49.066;34.448;159.21;72.794
23.08.2017;140.73;48.877;34.458;159.41;72.357
24.08.2017;141.53;48.997;34.508;158.7;72.327
25.08.2017;142.32;49.047;34.468;159.29;72.456
28.08.2017;141.1;49.047;34.438;160.89;72.466
29.08.2017;141.72;49.256;34.528;162.33;72.685
30.08.2017;141.15;49.604;34.687;162.76;73.64
31.08.2017;141.61;50.132;34.866;163.41;74.426
01.09.2017;142.65;50.421;34.886;163.46;73.571
05.09.2017;141.62;50.73;34.816;161.5;73.242
06.09.2017;142.4;50.81;35.552;161.33;73.033
07.09.2017;141.49;51.527;35.333;160.68;73.969
08.09.2017;141.04;51.377;34.975;158.06;73.61
11.09.2017;143.43;52.284;35.562;160.92;74.386
12.09.2017;144.32;52.563;35.88;160.28;74.307
13.09.2017;144.55;52.593;36.118;159.08;74.834
14.09.2017;144.1;52.583;36.267;157.71;74.396
15.09.2017;143.39;48.549;36.784;159.31;74.934
18.09.2017;143.12;48.14;36.784;158.1;74.784
19.09.2017;142.96;47.851;37.013;158.16;75.063
20.09.2017;144.44;47.782;36.854;155.51;74.566
21.09.2017;143.82;47.782;36.983;152.84;73.839
22.09.2017;143.69;47.971;36.963;151.35;74.038
25.09.2017;144.43;47.782;36.943;150.01;72.894
26.09.2017;145.11;47.732;37.252;152.59;72.894
27.09.2017;144.22;47.971;37.321;153.68;73.481
28.09.2017;144.22;47.891;37.61;152.73;73.501
29.09.2017;143.64;48.16;37.858;153.57;74.118
02.10.2017;145.21;48.608;38.842;153.26;74.237
03.10.2017;145.33;48.499;39.151;153.92;73.889
04.10.2017;145.03;48.708;39.111;152.93;74.317
05.10.2017;145.27;48.718;39.3;154.83;75.59
06.10.2017;145.03;48.21;39.399;154.74;75.62
09.10.2017;145.93;48.17;39.628;155.28;75.909
10.10.2017;147.03;48.21;39.419;155.34;75.909
11.10.2017;146.16;48.28;39.071;155.99;76.038
12.10.2017;145.57;48.23;38.962;155.44;76.735
13.10.2017;145.64;48.61;39.439;156.43;77.103
16.10.2017;145.38;48.86;39.528;159.31;77.262
17.10.2017;145.09;49.19;39.558;159.9;77.202
18.10.2017;157.95;49.58;40.015;159.19;77.222
19.10.2017;159.31;49.35;39.856;155.42;77.521
20.10.2017;160.47;49.25;40.194;155.69;78.416
23.10.2017;157.97;49.31;40.592;155.61;78.436
24.10.2017;154.34;49.98;40.711;156.54;78.466
25.10.2017;151.98;49.7;40.542;155.85;78.237
26.10.2017;152.08;50.15;41.109;156.85;78.366
27.10.2017;152.16;50.88;44.141;162.47;83.391
30.10.2017;152.83;50.68;44.111;166.12;83.471
31.10.2017;152.54;50.9;45.225;168.43;82.764
01.11.2017;152.51;50.64;46.438;166.29;82.764
02.11.2017;151.83;50.28;46.826;167.51;83.63
03.11.2017;150.08;50.18;46.07;171.88;83.72
06.11.2017;149.35;50.4;46.7;173.63;84.048
07.11.2017;149.85;50.49;46.78;174.18;83.839
08.11.2017;150.07;50.54;46.7;175.61;84.137
09.11.2017;150.3;49.24;46.3;175.25;83.67
10.11.2017;149.16;49.32;45.58;174.67;83.451
13.11.2017;148.4;49.4;45.75;173.97;83.511
14.11.2017;148.89;49.2;45.86;171.34;83.63
15.11.2017;147.1;48.82;45.46;169.08;82.98
16.11.2017;149.12;49.2;45.65;171.1;83.2
17.11.2017;148.97;48.94;44.63;170.15;82.4
20.11.2017;150.51;49.02;44.62;169.98;82.53
21.11.2017;151.95;48.63;44.94;173.14;83.72
22.11.2017;151.77;48.58;44.65;174.96;83.11
24.11.2017;151.84;49.01;44.75;174.97;83.26
27.11.2017;151.98;48.88;44.49;174.09;83.87
28.11.2017;152.47;49.01;44.73;173.07;84.88
29.11.2017;153.55;48.52;43.95;169.48;83.34
30.11.2017;153.97;49.06;44.84;171.85;84.17
01.12.2017;154.76;49.61;44.68;171.05;84.26
04.12.2017;156.46;48.4;44.49;169.8;81.08
05.12.2017;155.35;47.99;43.44;169.64;81.59
06.12.2017;154.1;48.42;43.46;169.05;82.78
07.12.2017;153.57;48.52;43.07;169.32;82.49
08.12.2017;154.81;49.6;43.35;169.37;84.16
11.12.2017;155.41;50.47;43.66;172.67;85.23
12.12.2017;156.74;50.39;43.33;171.7;85.58
13.12.2017;153.91;50.05;43.34;172.27;85.35
14.12.2017;154;50.19;43.26;172.22;84.69
15.12.2017;152.5;48.3;44.56;173.97;86.85
18.12.2017;153.33;47.71;46.26;176.42;86.38
19.12.2017;153.23;47.82;47.04;174.53;85.83
20.12.2017;152.95;47.9;47.56;174.35;85.52
21.12.2017;151.5;47.28;46.76;175.01;85.5
