DATE|IBM|ORACLE|INTEL|APPLE|MICROSOFT
41397|25.736|40.055|69.3043333333333|24.935|35.348
41400|25.757|40.103|55.761|25.013|35.355
41401|26.25|40.105|55.772|25.02|35.345
41402|26.776|40.122|50.39|25.02|35.354
41403|26.778|40.135|50.393|25.059|35.359
41404|27.257|40.131|50.389|25.045|36.753
41407|28.772|40.157|47.145|25.093|35.343
41408|30.721|36.932|47.17|25.142|35.349
41409|30.73|36.934|47.18|25.146|35.36
41410|30.25|35.945|47.193|25.182|35.347
41411|30.258|35.948|47.204|25.195|36.801
41414|29.313|35.949|47.23|25.239|35.344
41415|29.353|35.962|47.249|25.279|35.344
41416|29.356|35.958|45.765|25.29|35.335
41417|29.079|36.051|46.077|25.785|35.345
41418|29.576|36.059|46.083|25.804|36.983
41421|29.587|36.064|46.087|25.816|36.989
41422|29.589|36.065|46.087|25.814|35.347
41423|29.576|36.052|46.077|25.779|35.354
41424|30.072|35.558|46.078|25.817|35.323
41425|30.079|35.565|46.084|25.845|35.337
41428|31.073|36.062|46.085|25.841|35.32
41429|32.559|36.071|46.093|25.849|35.332
41430|33.076|36.077|46.098|25.844|35.35
41431|35.575|36.062|46.085|25.83|35.33
41432|34.056|36.075|45.6|25.843|35.341
41435|34.086|36.543|45.602|25.847|35.35
41436|36.05|37.067|45.597|25.864|35.324
41437|36.56|37.05|45.59|25.84|35.32
41438|36.58|37.08|45.6|25.88|37.01
41439|35.57|37.04|45.58|25.85|35.28
41442|36.05|37.04|45.58|25.8|35.34
41443|36.05|37.04|45.57|25.8|35.33
41444|36.06|37.05|45.58|25.81|35.34
41445|40.57|37.59|49.08|28.21|38.51
41446|40.58|37.6|49.09|28.28|38.52
41449|42.57|38.59|49.58|28.22|39.52
41450|43.14|41.14|51.14|28.41|39.6
41451|41.14|41.08|48.65|28.3|39.54
41452|40.6|41.06|48.6|28.26|39.51
41453|40.6|41.06|48.61|28.26|39.51
41456|40.1|40.56|48.6|28.24|39.51
41457|39.11|40.57|48.61|28.27|39.51
41458|39.12|40.57|48.62|28.27|39.52
41459|39.12|40.57|48.62|28.28|39.52
41460|39.12|40.58|48.62|28.3|39.53
41463|38.66|40.59|46.65|28.31|39.54
41464|38.62|40.57|46.61|28.3|39.52
41465|38.61|40.56|46.6|28.27|39.51
41466|37.68|40.63|46.66|28.24|39.58
41467|37.61|40.55|46.59|28.245|39.5
41470|37.61|40.56|46.6|28.25|39.51
41471|37.12|40.57|46.6|28.26|39.52
41472|37.61|40.56|46.6|28.27|39.51
41473|37.59|40.55|46.59|28.25|39.5
41474|37.63|40.58|48.61|28.24|39.53
41477|37.08|40.56|48.59|28.27|39.51
41478|37.08|40.56|48.59|28.24|39.52
41479|38.04|40.55|48.58|28.235|39.51
41480|38.04|40.55|48.58|28.23|39.5
41481|39.58|40.53|50.05|28.24|39.48
41484|38.63|40.57|50.08|28.26|39.52
41485|39.11|40.56|50.08|28.26|39.51
41486|39.12|40.55|50.07|28.26|39.51
41487|39.11|40.55|50.07|28.23|39.5
41488|38.67|40.55|49.13|28.24|39.5
41491|38.61|40.55|49.07|28.23|38.99
41492|38.63|40.56|49.09|28.27|38.52
41493|39.13|40.56|49.09|28.26|39.02
41494|39.12|40.55|49.08|28.24|39.01
41495|39.12|40.55|49.08|28.24|39.01
41498|39.37|40.55|49.08|28.24|39.01
41499|39.36|40.54|49.07|28.22|39
41500|39.37|40.56|49.09|28.26|39.02
41501|39.57|40.55|49.08|28.26|39.01
41502|40.6|40.54|49.07|28.24|39
41505|41.09|40.54|49.06|28.22|38.99
41506|41.12|40.57|49.1|28.21|39.03
41507|41.11|40.56|49.08|28.3|39.02
41508|41.59|40.54|49.07|28.26|39
41509|41.6|40.56|49.08|28.24|39.02
41512|41.59|40.55|49.08|28.24|39.01
41513|42.08|40.54|49.07|28.23|39
41514|41.59|40.55|49.07|28.23|39.01
41515|41.59|42.05|49.07|28.24|40
41516|41.59|42.06|49.07|28.23|40
41519|41.59|42.06|49.07|28.23|40
41520|41.61|42.07|49.09|28.26|40.02
41521|41.6|42.06|49.06|28.21|40.01
41522|41.58|42.04|49.06|28.2|39.99
41523|41.58|42.05|49.07|28.2|39.99
41526|41.11|42.04|49.06|28.2|39.99
41527|40.59|42.05|49.06|28.2|39.99
41528|40.59|42.05|49.06|28.2|39.99
41529|40.59|42.05|48.58|28.22|39
41530|41.08|42.03|48.55|28.16|38.97
41533|41.16|42.12|48.14|28.16|39.08
41534|41.09|42.05|46.6|28.4|39
41535|40.18|42.05|46.58|28.23|39
41536|40.105|42.056|46.593|28.215|39.007
41537|41.11|42.58|47.61|30.51|39.03
41540|41.61|42.58|47.62|30.51|39.03
41541|41.61|42.57|47.61|30.5|39.02
41542|42.61|42.07|47.61|30.5|39.02
41543|42.61|42.07|47.6|30.48|39.02
41544|43.12|42.07|47.6|30.47|39.01
41547|43.62|42.09|47.63|30.47|39.03
41548|43.6|42.07|47.6|30.52|39.01
41549|42.18|42.07|47.61|30.47|39.02
41550|40.64|42.07|47.61|30.49|39.02
41551|40.13|41.63|47.61|30.49|39.02
41554|40.15|41.65|47.63|30.54|39.04
41555|39.15|41.64|47.62|30.53|39.03
41556|39.66|41.65|47.63|30.56|39.05
41557|35.62|41.64|47.62|30.56|38.53
41558|35.63|41.63|47.12|30.52|38.53
41561|35.63|41.63|47.12|30.52|38.53
41562|35.14|41.64|46.63|30.52|38.53
41563|34.61|41.13|44.15|30.52|38.52
41564|35.14|41.14|43.68|30.49|38.53
41565|35.11|40.63|43.66|30.48|38.02
41568|34.1|40.63|43.66|30.48|38.02
41569|33.64|40.62|43.65|30.49|38.01
41570|35.6|40.63|43.66|30.48|38.02
41571|36.07|40.62|43.65|30.47|38.01
41572|36.08|40.62|43.65|30.47|38.01
41575|36.08|40.61|43.64|30.45|38
41576|37.58|40.62|43.65|30.47|38.01
41577|37.08|40.63|43.65|30.49|38.02
41578|37.07|40.61|43.64|30.45|37.5
41579|37.56|40.62|43.64|30.45|37.51
41582|38.08|40.62|43.64|30.46|37.51
41583|38.07|40.62|43.64|30.46|37.51
41584|36.61|40.16|43.64|30.47|37.51
41585|36.58|40.13|43.64|30.47|37.51
41586|36.57|40.12|43.63|30.47|37.5
41589|36.57|40.12|43.63|30.45|37.5
41590|36.1|40.13|43.65|30.47|37.52
41591|36.1|40.13|43.65|30.47|37.52
41592|36.12|40.14|43.66|30.47|37.53
41593|35.59|40.11|43.63|30.51|37.5
41596|35.62|39.12|43.63|30.44|37.5
41597|35.6|39.1|43.62|30.44|37.49
41598|35.14|39.12|43.64|30.43|37.51
41599|35.12|39.12|43.63|30.46|37.5
41600|33.61|39.11|44.12|30.43|37.49
41603|32.15|39.11|44.12|30.43|37.5
41604|31.65|39.11|43.13|30.44|37.5
41605|31.63|39.11|43.13|30.43|37.5
41606|31.63|39.11|43.13|30.43|37.5
41607|31.62|39.1|43.12|30.42|37.49
41610|32.08|39.1|43.12|30.42|37.49
41611|32.6|39.1|43.12|30.42|37.49
41612|32.6|39.1|42.61|30.43|37.49
41613|32.59|39.09|42.62|30.41|37.48
41614|32.1|39.1|40.61|30.43|37.49
41617|31.09|39.1|40.61|30.43|37.49
41618|30.61|39.1|40.62|30.43|37.49
41619|30.59|39.1|40.61|30.44|37.49
41620|30.58|39.09|40.61|30.4|37.48
41621|30.59|37.58|39.11|30.42|37.49
41624|29.58|37.58|39.11|30.42|37.255
41625|29.59|37.59|39.11|30.43|37.02
41626|29.07|37.57|39.1|30.39|37
41627|29.06|37.56|39.09|30.35|37
41628|29.1|37.6|39.13|32.59|37.04
41631|28.62|36.11|39.15|32.59|37.05
41632|28.62|36.13|39.15|32.59|37.05
41633|28.62|36.13|39.15|32.59|37.05
41634|28.61|36.12|39.14|32.59|37.04
41635|28.62|36.13|39.15|32.61|37.06
41638|28.12|36.13|39.15|32.61|34.08
41639|28.12|36.13|39.14|32.6|34.08
41640|28.12|36.13|39.14|32.6|34.08
41641|28.12|36.13|39.15|32.6|33.58
41642|28.11|36.12|39.13|32.6|31.72
41645|27.62|36.13|39.15|32.59|31.72
41646|27.61|36.12|39.14|32.59|31.72
41647|27.6|36.12|39.14|32.58|33.31
41648|28.1|36.12|39.13|32.57|31.17
41649|29.08|36.11|39.13|32.565|29.82
41652|30.6|36.12|39.14|32.56|29.82
41653|31.06|36.1|39.12|32.55|29.82
41654|31.08|36.11|39.13|32.55|32.63
41655|31.58|36.11|38.16|32.57|29.82
41656|31.59|36.12|38.16|32.58|29.82
41659|31.59|36.12|38.16|32.58|32.63
41660|31.57|36.1|38.15|32.57|29.82
41661|33.6|36.12|38.14|32.56|32.63
41662|34.16|36.12|39.13|32.59|32.62
41663|36.61|36.11|39.13|32.59|32.63
41666|36.59|36.11|39.13|32.59|32.62
41667|36.59|36.11|39.12|32.59|32.62
41668|37.59|36.12|39.13|32.59|32.62
41669|37.58|36.11|39.11|32.55|32.62
41670|37.6|36.12|39.14|32.55|32.62
41673|37.58|36.1|39.11|32.61|32.61
41674|37.57|36.1|39.11|32.56|32.62
41675|37.6|36.12|39.13|32.56|32.62
41676|37.6|36.12|39.13|32.6|32.62
41677|36.09|36.11|39.12|32.58|32.62
41680|35.62|36.12|38.64|32.59|32.62
41681|35.07|36.11|38.63|32.58|32.62
41682|35.58|36.11|38.63|32.58|32.63
41683|35.61|36.12|37.67|32.6|32.62
41684|35.59|36.11|37.64|32.59|32.62
41687|35.59|36.11|37.64|32.59|32.62
41688|35.6|36.1|37.63|32.56|32.62
41689|35.61|36.11|37.64|32.56|32.62
41690|35.6|36.1|37.63|32.57|32.62
41691|35.1|36.1|37.63|32.57|32.62
41694|35.11|36.11|37.64|32.58|33.12
41695|35.12|36.1|36.65|32.56|33.11
41696|34.61|36.09|36.62|32.56|33.12
41697|34.59|36.08|36.61|32.54|33.11
41698|34.6|36.09|36.62|32.55|33.11
41701|34.62|36.11|36.64|32.59|29.82
41702|34.59|36.08|36.09|32.6|33.11
41703|34.11|36.1|32.82|32.48|33.12
41704|34.08|36.07|32.79|32.52|33.11
41705|34.1|36.09|32.81|32.55|33.11
41708|34.1|36.09|32.82|32.54|33.11
41709|34.09|36.08|32.8|32.54|33.11
41710|34.09|36.08|32.8|32.54|33.11
41711|34.07|36.06|32.77|32.52|33.1
41712|35.57|36.07|32.78|32.52|33.1
41715|35.58|36.07|36.11|32.53|33.11
41716|34.61|36.08|35.14|32.53|33.11
41717|34.59|36.07|30.82|32.52|33.1
41718|35.62|36.61|30.84|33.58|35.2
41719|35.61|36.6|30.86|34.64|36.32
41722|35.58|36.57|30.8|34.63|35.22
41723|35.61|35.6|30.85|32.5328571428571|35.22
41724|36.13|35.61|30.85|32.5328571428571|35.72
41725|36.58|35.59|33.13|32.5228571428571|33.91
41726|36.59|35.6|33.14|33.5828571428571|35.66
41729|36.58|35.59|33.13|34.6428571428571|35.66
41730|36.58|35.59|32.14|34.6328571428571|33.98
41731|35.57|36.07|35.12|34.61|35.83
41732|36.1|35.59|32.15|34.6166666666667|35.83
41733|36.09|35.59|32.14|34.62|35.86
41736|36.1|35.61|32.16|34.6233333333333|34.29
41737|37.09|35.59|32.14|34.6266666666667|34.31
41738|37.08|35.59|32.14|34.63|35.86
41739|37.08|35.59|32.14|34.66|35.85
41740|38.07|35.59|32.15|34.635|35.87
41743|38.08|35.59|32.15|34.61|35.86
41744|38.07|35.59|32.14|34.56|35.37
41745|38.07|35.58|32.14|34.58|34.31
41746|37.59|35.6|32.15|34.6|34.31
41747|37.58|35.59|32.14|34.6|35.37
41750|37.59|35.6|32.15|34.6|34.31
41751|37.57|35.58|32.13|34.59|35.36
41752|39.6|35.58|32.14|34.59|35.36
41753|40.55|35.57|32.12|34.59|35.36
41754|41.06|35.58|32.13|34.58|35.36
41757|41.05|35.57|32.12|34.58|35.37
41758|41.57|35.59|32.14|34.6|35.37
41759|41.55|35.57|32.12|34.57|35.36
41760|41.55|35.57|32.12|34.58|35.36
41761|41.55|35.57|30.61|34.58|35.37
41764|41.55|35.56|30.6|34.57|35.36
41765|42.05|35.57|30.61|34.57|35.36
41766|42.05|35.57|30.61|34.57|35.36
41767|42.43|35.41|30.44|34.57|36.42
41768|42.55|35.57|30.61|34.57|35.36
41771|42.43|35.41|30.44|34.55|36.42
41772|42.43|35.41|30.44|34.56|36.42
41773|42.42|35.4|30.43|34.54|36.4
41774|42.42|35.41|30.43|34.55|36.41
41775|42.43|35.41|30.44|34.55|36.415
41778|41.44|35.42|30.45|34.57|36.42
41779|41.44|35.41|30.44|34.56|36.42
41780|41.44|35.41|30.44|34.56|36.42
41781|41.44|35.42|30.44|34.57|36.42
41782|41.43|35.41|30.43|34.56|36.41
41785|41.43|35.41|30.43|34.56|36.41
41786|41.43|35.41|30.43|34.56|36.4084615384615
41787|41.43|35.4|30.43|34.55|36.4069230769231
41788|42.43|35.4|30.43|34.55|36.4053846153846
41789|42.44|35.41|30.44|34.56|36.4038461538461
41792|42.44|35.41|30.44|34.56|36.4023076923077
41793|42.43|35.4|30.42|34.55|36.4007692307692
41794|42.44|35.41|30.44|34.56|36.3992307692308
41795|41.44|35.4|30.43|34.56|36.3976923076923
41796|41.44|35.4|30.43|34.57|36.3961538461538
41799|40.43|35.4|30.42|34.54|36.3946153846154
41800|40.42|35.4|30.43|34.53|36.3930769230769
41801|40.42|35.4|30.43|34.53|36.3915384615385
41802|40.41|35.39|30.41|34.53|36.39
41803|38.42|35.38|30.41|34.53|36.39
41806|38.43|35.39|30.42|34.53|36.4
41807|38.54|35.54|30.56|34.53|35.35
41808|38.54|35.54|30.56|34.505|31.06
41809|38|34.49|29.52|34.48|36.35
41810|38.06|34.55|29.57|35.51|34.58
41813|38.06|34.54|29.57|36.54|32.81
41814|38.58|34.55|29.59|36.5375|32.81
41815|39.06|34.55|29.57|36.535|36.42
41816|39.59|34.55|29.57|36.5325|36.42
41817|40.06|34.56|29.58|36.53|36.42
41820|40.06|34.54|29.57|31.55|36.42
41821|39.54|34.54|29.56|26.57|36.43
41822|39.56|34.55|29.57|26.54|36.43
41823|39.07|34.55|29.57|26.54|36.42
41824|39.06|34.54|29.56|26.54|36.42
41827|39.06|34.54|29.56|26.54|36.42
41828|39.58|34.54|29.56|26.54|36.42
41829|39.55|34.53|29.55|26.54|36.41
41830|41.07|34.54|29.56|26.54|36.41
41831|40.6|34.56|29.59|26.54|36.1
41834|40.56|34.55|29.57|26.54|36.41
41835|40.57|34.56|29.58|26.54|36.42
41836|40.57|34.55|29.58|26.54|36.42
41837|42.56|34.55|29.57|26.54|36.41
41838|43.01|34.53|29.55|26.54|36.39
41841|43.04|34.55|29.58|26.54|36.05
41842|42.55|34.54|29.56|26.54|36.04
41843|42.55|34.55|29.57|26.54|36.04
41844|42.53|34.53|29.55|26.54|36.4
41845|42.56|34.56|29.58|26.54|36.42
41848|43.04|34.54|29.56|26.54|36.41
41849|43.05|34.54|29.56|22.65|36.07
41850|42.43|34.55|29.57|24.655|36.07
41851|43.54|34.54|29.57|26.66|36.07
41852|44.04|34.55|29.57|25.78|36.07
41855|44.04|34.55|29.57|25.78|36.07
41856|43.54|34.55|29.58|25.77|36.07
41857|44.05|34.55|29.57|25.77|36.07
41858|45.04|34.55|29.58|25.77|36.0733333333333
41859|44.43|34.56|31.42|25.77|36.0766666666667
41862|45.04|34.55|29.57|25.77|36.08
41863|44.55|34.55|29.57|25.77|36.08
41864|43.58|34.55|29.57|25.77|36.08
41865|43.54|34.54|29.56|25.77|36.0766666666667
41866|43.54|34.54|29.56|25.77|36.0733333333333
41869|42.03|34.53|29.06|25.77|36.07
41870|42.05|34.54|29.07|25.77|36.07
41871|42.05|34.54|29.06|25.77|36.07
41872|41.56|34.54|29.06|25.77|36.07
41873|41.56|34.55|29.08|30.56|36.07
41876|41.06|34.54|29.07|30.58|36.07
41877|41.07|34.55|29.08|30.61|36.07
41878|40.55|34.54|29.07|30.62|36.07
41879|40.55|34.54|29.06|30.61|36.06
41880|40.55|34.54|29.07|30.6|36.06
41883|40.56|34.55|29.07|30.6|36.06
41884|40.56|34.54|29.07|27.05|36.04
41885|40.55|34.54|29.06|23.62|36.06
41886|40.54|34.52|29.05|27.12|36.06
41887|40.54|34.53|29.05|23.64|36.07
41890|40.55|34.54|29.06|23.52|36.07
41891|40.55|34.54|29.07|27.02|36.07
41892|40.55|34.53|29.06|27.05|35.9466666666667
41893|40.55|34.54|29.07|27.09|35.8233333333333
41894|40.69|33.69|27.72|27.08|35.7
41897|41.06|34.53|29.06|27.12|36.07
41898|40.54|34.53|29.05|27.11|36.07
41899|40.55|34.54|29.07|27.11|36.07
41900|40.57|34.56|29.08|26.404|36.08
41901|40.54|34.53|29.55|25.698|36.06
41904|41.58|35.56|29.6|24.992|28.81
41905|41.58|35.56|29.6|24.286|28.81
41906|43.093|35.564|29.598|23.58|32.6135
41907|43.581|38.535|29.587|23.565|36.417
41908|44.072|38.53|29.581|28.039|36.413
41911|46.053|38.53|29.582|28.119|36.409
41912|45.567|36.066|30.577|25.615|36.41175
41913|45.087|36.07|30.581|28.237|36.4145
41914|45.06|36.05|30.56|28.11|36.41725
41915|44.59|36.08|30.59|28.07|36.42
41918|43.6|36.06|30.57|28.2|36.12
41919|43.74|35.72|29.75|26.61|25.86
41920|44.09|36.08|30.59|26.56|36.42
41921|43.58|36.06|31.07|26.55|25.85
41922|44.09|36.09|31.1|25.33|23.55
41925|44.08|36.07|31.08|25.33|21.25
41926|43.58|36.05|31.06|26.62|21.25
41927|44.59|36.07|31.08|26.74|21.25
41928|45.13|36.12|31.14|27.03|21.25
41929|44.09|36.09|31.1|27.05|22.76
41932|45.61|37.61|31.09|26.59|24.27
41933|45.61|37.6|31.1|26.57|25.78
41934|47.58|37.61|31.11|26.55|28.07
41935|48.05|37.58|31.08|26.5|28.05
41936|51.05|37.59|31.09|26.57|28.06
41939|53.04|37.58|31.08|26.57|28.04
41940|55.02|37.6|31.59|26.56|28.02
41941|55.53|37.6|31.6|27.78|28.02
41942|56|37.58|31.57|26.56|28.01
41943|55.52|37.59|31.58|26.53|28.02
41946|55.51|37.58|31.58|26.52|27.99
41947|56.99|37.58|31.58|26.56|30.34
41948|56.99|37.58|31.58|26.53|30.33
41949|56.99|37.57|31.56|26.52|29.33
41950|56.5|37.58|31.57|26.51|29.35
41953|56.5|37.58|31.58|26.51|29.34
41954|56.5|37.57|31.57|26.5|29.34
41955|56.5|37.57|31.57|26.04|29.34
41956|56.49|37.56|31.56|24.04|29.35
41957|55.53|37.57|31.56|24.05|26.53
41960|55.05|37.59|31.59|24.03|26.47
41961|53.54|37.57|31.57|24.04|26.47
41962|52.05|37.56|31.56|24|26.47
41963|51.55|37.56|31.56|24.29|26.51
41964|50.56|37.57|31.56|24.45|28.99
41967|51.06|37.56|31.56|24.44|29.01
41968|47.56|37.55|31.55|24.04|28
41969|47.57|37.56|31.56|23.79|28.02
41970|47.57|37.56|31.56|25.29|28.01
41971|47.56|37.55|31.54|23.94|28
41974|46.55|37.53|31.52|24.9|27.96
41975|46.06|37.55|31.54|24.87|27.97
41976|46.06|37.55|31.55|23.88|27.97
41977|45.57|37.55|31.54|23.92|28
41978|44.55|37.54|31.54|23.81|28.01
41981|44.55|37.55|31.54|23.9|28.01
41982|44.55|37.54|31.54|23.91|28.01
41983|44.55|37.54|31.53|23.94|28
41984|44.58|37.57|31.57|23.85|28
41985|45.07|37.57|31.56|23.87|28.06
41988|45.53|37.53|31.53|25.39|27.95
41989|45.55|37.56|32.06|25.64|26.53
41990|44.05|37.55|32.05|25.4|26.46
41991|42.07|37.55|32.05|24.04|26.94
41992|41.56|37.55|32.04|24.62|26.46
41995|44.08|37.59|35.44|25.85|26.49
41996|44.09|37.59|32.59|25.32|27.5
41997|44.1|37.61|32.61|24.36|27.51
41998|44.09|37.6|32.6|24.36|27.51
41999|44.09|37.59|32.59|24.36|27.5
42002|43.07|37.58|32.57|25.39|27.07
42003|42.57|37.58|32.58|25.39|27.06
42004|42.57|37.59|32.58|25.37|27.05
42005|42.56|37.58|32.58|25.37|27.05
42006|42.56|37.58|32.57|25.37|27.04
42009|43.56|37.08|32.58|24.72|26.56
42010|44.62|37.11|32.58|24.95|26.8
42011|44.07|37.08|32.57|24.11|25.53
42012|44.54|37.06|32.54|24.84|26.76
42013|45.56|37.08|32.57|24.92|26.84
42016|46.07|37.11|32.6|24.9|28.08
42017|47.07|37.1|32.59|25.02|26.79
42018|50.6|36.44|32.59|25.09|28.11
42019|50.54|36.44|32.56|24.91|25.6
42020|50.55|36.39|32.58|24.29|25.62
42023|50.54|36.39|32.56|24.28|25.44
42024|51.56|36.43|32.58|24.86|28.05
42025|53.07|36.43|32.58|24.83|28.01
42026|50.56|36.42|32.56|24.82|28.01
42027|50.09|36.42|32.59|23.37|26.8
42030|49.59|36.4|32.58|23.31|26.73
42031|50.59|36.42|32.58|23.31|26.74
42032|50.56|36.415|32.561|23.357|26.739
42033|52.02|36.409|32.545|21.067|25.484
42034|51.09|36.43|32.58|20.81|26.74
42037|52.52|36.39|32.55|21.08|28.3
42038|52.02|36.42|32.58|21.04|28.34
42039|52.05|36.43|32.57|20.83|28.34
42040|51.54|36.38|32.55|20.82|29.49
42041|51.56|36.41|32.57|20|29.41
42044|51.04|36.43|32.59|20.83|30.06
42045|50.05|36.42|32.57|20.83|29.06
42046|51.05|36.42|32.58|20.85|28.06
42047|51.05|36.42|32.57|20.85|30.07
42048|51.05|36.42|32.57|20|30.06
42051|51.06|36.42|32.58|20|30.06
42052|51.06|36.42|32.58|20|30.06
42053|50.55|36.39|32.56|20|30.04
42054|50.56|36.42|32.58|20|30.06
42055|50.03|36.4|32.53|20|30.53
42058|49.57|36.4|32.57|20|31.04
42059|49.06|31.4|32.56|20|31.09
42060|49.06|31.4|32.55|20|31.04
42061|48.54|31.38|32.55|20|31.01
42062|48.58|31.41|32.57|20|31.09
42065|48.58|34.57|32.57|20|31.02
42066|48.57|31.4|32.55|20|31.01
42067|48.56|34.54|32.54|20|31.01
42068|48.56|34.54|32.54|20|31.01
42069|48.56|31.4|32.55|20|31.02
42072|48.58|31.39|32.55|20|31.02
42073|49.55|31.39|32.53|20|31.01
42074|49.54|31.39|32.53|20|31.53
42075|49.04|31.37|32.04|20|31.01
42076|49.53|31.4|32.04|20|31
42079|50.05|31.4|32.05|20|31.01
42080|50.04|31.38|32.03|20|31
42081|49.14|32.07|32.04|20|31.17
42082|47.02|32.03|32|20|30.95
42083|48.58|32.12|32.09|20|28.35
42086|49.06|32.08|32.04|20|31.01
42087|48.58|32.1|32.07|20|31.05
42088|49.08|32.1|32.07|20|30.5
42089|49.57|32.11|32.08|20|28.35
42090|48.58|32.11|32.08|20|28.35
42093|48.59|32.13|32.1|20|28.37
42094|48.59|32.12|32.09|20|28.35
42095|47.59|32.12|32.59|20|27.09
42096|47.1|32.12|32.59|20|27.09
42097|47.1|32.12|32.59|20|27.09
42100|47.09|32.12|32.58|20|27.08
42101|46.6|31.62|32.07|20|27.08
42102|46.09|31.61|32.06|20|27.08
42103|46.09|31.61|32.07|20|27.01
42104|46.09|31.61|32.07|20|26.56
42107|46.09|31.61|32.06|20|26.59
42108|46.58|31.6|32.05|20|26.59
42109|46.58|31.61|32.07|20|26.58
42110|45.58|31.61|32.06|20|26.59
42111|46.1|31.62|32.08|20|26.59
42114|46.09|31.62|32.08|20|26.59
42115|45.09|30.6|32.06|20|26.59
42116|45.08|30.59|32.06|20|26.58
42117|45.59|30.6|32.07|20|26.6
42118|45.58|30.59|32.06|20|26.59
42121|45.58|30.59|32.56|20|26.58
42122|45.57|30.59|32.55|20|26.52
42123|45.6|30.62|32.58|20|26.54
42124|46.55|30.58|32.55|20|27.03
42125|47.05|30.56|32.53|20|27.02
42128|47.1|30.62|32.58|20|27.08
42129|48.08|30.62|32.58|20|27.08
42130|49.56|30.61|33.07|20|29.34
42131|50.07|30.6|33.07|20|29.35
42132|49.61|30.58|33.05|20|29.34
42135|49.57|30.65|33.07|20|26.88
42136|50.57|30.62|33.08|20|28.31
42137|50.55|30.59|33.05|20|28.33
42138|50.56|30.61|33.07|20|28.36
42139|50.54|30.58|33.05|20|28.34
42142|50.05|30.58|33.05|20|28.26
42143|49.54|30.61|33.07|20|28.28
42144|49.58|30.62|33.08|20|28.34
42145|49.06|30.58|33.04|20|28.32
42146|49.06|30.59|33.05|20|28.33
42149|49.07|30.6|33.06|20|28.33
42150|49.06|30.58|33.05|20|28.31
42151|48.56|30.57|33.04|20|28.28
42152|48.05|30.56|33.02|20|28.29
42153|48.06|30.57|33.04|20|28.28
42156|48.57|30.6|33.06|20|28.33
42157|48.09|30.61|33.08|20|28.27
42158|48.06|30.58|33.04|20|28.24
42159|48.07|30.59|33.06|20|28.31
42160|48.55|30.57|33.03|20|28.23
42163|48.07|30.57|33.03|20|28.8
42164|48.06|30.57|33.04|20|28.76
42165|48.05|30.58|33.02|20|28.76
42166|47.56|30.57|33.03|20|28.8
42167|48.07|30.54|33.01|20|28.82
42170|48.57|30.59|33.06|20|29.32
42171|48.56|30.58|33.05|20|29.32
42172|47.54|30.58|33.04|20|29.25
42173|47.51|30.5|32.96|20|29.28
42174|46.58|30.56|33.03|20|29.32
42177|46.57|30.61|36.4|20|30.28
42178|48.09|30.63|36.41|20|30.33
42179|48.09|30.62|36.39|20|30.34
42180|48.55|30.58|36.39|20|30.65
42181|48.57|30.61|36.04|20|30.65
42184|50.1|30.61|36.04|20|31.23
42185|49.06|30.6|36.03|20|31.15
42186|48.07|30.64|36.07|20|31.15
42187|48.59|30.63|36.06|20|31.22
42188|48.58|30.62|36.05|20|31.21
42191|48.57|30.6|36.04|20|31.18
42192|49.13|30.61|37.53|20|31.22
42193|49.12|30.68|37.59|20|31.23
42194|49.55|30.6|37.52|20|31.14
42195|48.55|30.64|37.56|20|31.11
42198|47.06|30.62|37.55|20|31.14
42199|47.09|30.62|37.54|20|30.71
42200|46.59|30.61|37.53|20|30.69
42201|45.57|30.57|37.5|20|30.64
42202|45.58|30.59|39.49|20|30.64
42205|44.07|30.6|39.52|20|30.65
42206|44.04|30.54|39.46|20|30.63
42207|45.12|30.65|39.56|20|30.71
42208|45.06|30.58|39.5|20|30.66
42209|45.05|30.56|39.49|20|30.67
42212|45.59|30.6|39.52|20|30.69
42213|46.06|30.58|39.5|25|30.64
42214|45.57|30.61|39.52|25|30.65
42215|46.05|30.58|39.5|25|31.13
42216|45.07|30.58|39.5|25|31.22
42219|45.06|30.58|39.5|25|31.16
42220|45.56|30.59|39.51|25|31.1
42221|47.12|30.65|39.56|25|30.53
42222|50.55|30.59|39.51|25|31.17
42223|50.53|30.59|39.51|25|31.16
42226|49.03|30.58|39.5|25|31.14
42227|49.58|30.58|39.5|25|31.2
42228|49.54|30.6|39.52|25|31.18
42229|49.57|30.64|39.55|25|31.14
42230|51.53|30.6|39.52|25|31.17
42233|49.05|30.6|39.52|25|31.17
42234|49.05|30.61|39.52|25|31.18
42235|50.53|30.6|39.51|25|31.16
42236|51.52|30.53|40.5|25|31.09
42237|51.52|30.59|40.49|25|31.15
42240|53.55|30.59|40.5|30|31.15
42241|51.53|30.62|40.52|30|31.19
42242|51.04|30.57|40.48|30|31.13
42243|48.56|30.64|40.54|30.13|31.2
42244|50.05|30.6|40.51|30.12|31.16
42247|50.07|30.62|40.52|29.86|31.18
42248|49.58|30.64|40.54|27.43|31.21
42249|49.52|30.57|40.48|27.38|31.14
42250|48.54|30.57|40.48|27.4|31.14
42251|48.55|30.59|40.5|27.41|31.16
42254|48.54|30.58|40.49|27.41|31.14
42255|48.54|30.57|40.48|25|31.14
42256|47.54|30.59|40.5|24|31.16
42257|47.04|30.56|40.47|24|31.12
42258|46.53|30.56|40.47|24|31.15
42261|46.56|30.59|40.5|24|31.17
42262|47.44|30.41|39.36|24|30.34
42263|47.08|30.63|40.53|26.32|31.19
42264|46.06|30.59|40.49|26.48|31.15
42265|45.48|30.48|40.41|26.46|31.05
42268|48.08|30.61|40.52|26.61|31.18
42269|48.09|30.63|40.53|24|31.7
42270|48.1|30.64|40.54|24|31.71
42271|48.09|30.63|40.53|24|31.7
42272|48.61|30.65|40.55|26.63|31.73
42275|49.09|30.63|40.53|24|31.71
42276|49.1|30.63|40.53|27.68|31.71
42277|50.45|30.45|39.39|24|31.39
42278|49.1|30.63|40.53|27.68|31.71
42279|49.1|30.63|40.53|27.68|31.71
42282|48.612|30.658|40.557|26.633|31.732
42283|46.13|30.64|40.54|26.65|31.72
42284|44.62|30.63|40.53|26.62|31.7
42285|44.64|30.64|40.54|25.62|31.71
42286|44.64|30.63|40.53|24|31.71
42289|44.64|30.63|40.53|24|31.7
42290|45.14|30.63|40.53|24|31.7
42291|45.1|30.59|40.5|26.71|31.66
42292|45.1|30.6|40.5|26.59|31.67
42293|44.62|30.13|40.53|26.62|31.71
42296|45.61|30.13|40.53|26.14|31.7
42297|51.07|30.11|40.52|26.11|31.69
42298|50.61|30.13|40.53|25.15|31.7
42299|49.62|30.13|40.53|25.15|31.7
42300|47.07|30.12|40.52|24.07|31.69
42303|46.11|30.14|40.54|24.15|31.71
42304|58.06|30.14|40.54|24.15|31.71
42305|57.02|30.05|40.46|24.05|31.62
42306|55.54|29.57|40.47|24.08|31.64
42307|55.57|29.61|40.51|24.64|31.68
42310|54.56|29.61|40.51|24.1|31.68
42311|55.04|29.57|40.47|24.08|31.64
42312|54.58|29.61|40.51|24.1|31.68
42313|54.57|29.6|40.5|24.12|31.67
42314|55.08|29.62|40.52|23.52|31.69
42317|55.54|29.6|40.5|24.12|31.67
42318|55.082|29.622|40.521|23.529|31.691
42319|55.57|29.62|40.52|24.66|31.69
42320|55.56|29.61|40.51|24.11|31.68
42321|55.55|29.6|40.5|24.91|31.67
42324|56.05|29.6|40.5|22|31.67
42325|55.05|29.61|40.51|24.62|31.68
42326|54.55|29.57|40.48|24.62|31.64
42327|54.56|29.59|40.5|24.39|31.66
42328|54.08|29.6|40.5|25.12|31.67
42331|53.59|29.61|40.51|24.35|32.19
42332|53.59|29.62|40.51|24.62|32.19
42333|53.58|29.59|40.5|24.62|32.17
42334|53.57|29.58|40.49|24.62|32.16
42335|53.57|29.59|40.49|23.62|32.17
42338|53.57|30.08|40.49|24.61|32.17
42339|52.1|30.09|40.5|24.65|32.17
42340|51.57|30.09|40.5|24.32|32.17
42341|49.53|30.09|40.49|24.3|32.17
42342|49.57|30.09|40.49|24.37|32.17
42345|48.59|30.1|40.5|24.37|32.18
42346|47.59|30.11|40.51|24.35|32.19
42347|46.08|30.09|40.5|24.38|32.68
42348|46.07|30.07|40.48|23.58|32.66
42349|47.61|30.12|40.52|23.68|32.71
42352|46.6|30.09|40.49|24.84|32.68
42353|45.11|30.15|40.54|24.84|32.73
42354|44.13|30.14|40.54|24.84|32.73
42355|44.13|30.14|40.54|24.86|32.73
42356|44.12|30.13|40.53|24.12|32.72
42359|44.12|30.13|40.53|24.12|32.71
42360|44.13|30.13|40.53|24.12|32.72
42361|44.13|30.13|40.53|24.12|32.72
42362|44.12|30.13|40.53|24.12|32.72
42363|44.12|30.13|40.53|24.12|32.72
42366|44.12|30.13|40.53|24.12|32.72
42367|44.13|30.14|40.54|24.13|32.73
42368|44.13|30.14|40.54|24.13|32.73
42369|44.12|30.13|40.52|24.12|32.71
42370|44.12|30.12|40.52|24.12|32.71
42373|44.12|30.12|40.52|24.12|32.71
42374|44.13|30.14|40.53|24.12|32.72
42375|45.62|30.13|40.53|24.62|32.72
42376|47.56|30.1|40.5|24.62|32.69
42377|52.06|30.1|40.5|24.62|32.69
42380|51.57|30.09|40.5|24.62|32.68
42381|50.09|30.14|40.54|25.12|32.73
42382|52.06|30.15|40.55|25.12|32.74
42383|52.04|30.09|40.5|25.12|32.68
42384|55.6|30.13|40.53|25.12|32.71
42387|55.56|30.14|40.53|25.12|32.72
42388|58.01|30.14|40.53|25.12|32.72
42389|66.49|30.13|40.53|25.12|32.71
42390|64.99|30.15|40.55|25.12|32.74
42391|63.49|30.14|40.53|25.12|32.72
42394|62.03|30.13|40.53|26.12|32.72
42395|66.46|30.12|40.52|26.12|32.71
42396|66.45|30.12|40.52|26.12|32.71
42397|65.97|30.09|40.5|26.12|32.68
42398|66.94|30.12|40.52|26.12|32.71
42401|67.44|30.12|40.52|26.12|32.7
42402|71.42|30.11|40.51|26.12|32.7
42403|75.37|30.1|40.5|26.12|32.69
42404|73.4|30.14|40.54|27|32.73
42405|73.4|30.11|40.52|27|32.7
42408|78.34|30.11|41.68|27|32.7
42409|80.34|30.16|41.75|27|32.75
42410|78.85|30.16|40.55|27|32.74
42411|80.36|30.11|41.68|27|32.7
42412|78.84|30.22|41.85|27|32.81
42415|78.85|30.16|41.8233333333333|27|32.74
42416|75.9|30.16|41.7966666666667|27|32.74
42417|72.92|30.17|41.77|27|32.75
42418|69.48|30.12|41.71|27|32.71
42419|69.47|30.11|41.69|27|32.69
42422|68.01|30.15|41.75|27|32.74
42423|66.03|30.16|41.75|27|32.74
42424|66.02|30.14|41.74|27|32.73
42425|65.55|30.19|41.81|27|32.77
42426|64|30.15|41.17|27|32.73
42429|63.54|30.13|40.53|27|32.71
42430|58.57|30.12|40.9308108108108|27|32.7
42431|57.12|30.15|41.3316216216216|27|32.74
42432|56.1|30.12|41.7324324324324|28.62|32.7
42433|55.1|30.13|42.1332432432433|28.59|32.72
42436|53.59|30.11|42.5340540540541|27|32.7
42437|54.13|30.13|42.9348648648649|27|32.72
42438|54.09|30.12|43.3356756756757|28.585|34.73
42439|53.08|30.12|43.7364864864865|30.17|34.73
42440|49.09|30.12|44.1372972972973|31.58|31.18
42443|49.13|30.13|44.5381081081081|31.62|31.18
42444|49.61|30.12|44.9389189189189|31.61|31.18
42445|49.59|30.1|45.3397297297297|31.58|31.15
42446|49.62|30.13|45.7405405405406|31.63|31.19
42447|49.62|30.12|46.1413513513514|31.63|31.17
42450|54.13|36.99|46.5421621621622|31.64|31.23
42451|55.13|33.25|46.942972972973|33.59|31.26
42452|55.14|33.26|47.3437837837838|33.66|31.28
42453|57.6|33.22|47.7445945945946|33.6|31.24
42454|57.62|33.24|48.1454054054054|33.6|31.26
42457|57.62|33.24|48.5462162162162|33.64|31.26
42458|58.1|37.02|48.947027027027|32.69|31.25
42459|55.64|36.96|49.3478378378378|32.65|31.21
42460|54.16|36.98|49.7486486486487|32.64|31.72
42461|52.14|36.97|50.1494594594595|32.22|31.71
42464|54.15|36.96|50.5502702702703|32.65|31.71
42465|51.66|37.02|50.9510810810811|32.66|31.74
42466|51.16|37|51.3518918918919|32.6|31.72
42467|52.18|37.04|51.7527027027027|32.66|31.75
42468|52.15|37.02|52.1535135135135|32.6|31.74
42471|51.17|37.03|52.5543243243243|32.62|31.74
42472|52.63|37.04|52.9551351351351|32.59|31.75
42473|53.13|37.05|53.3559459459459|32.25|31.76
42474|55.11|33.24|53.7567567567568|32.22|31.75
42475|55.63|33.26|54.1575675675676|32.31|31.78
42478|55.11|33.24|54.5583783783784|32.31|31.76
42479|57.56|33.25|54.9591891891892|32.31|31.76
42480|58.08|33.24|55.36|36.08|33.8
42481|58.6|33.27|55.33|32.22|34.16
42482|58.58|33.24|55.35|32.24|34.19
42485|59.07|33.25|55.35|32.21|34.19
42486|59.55|33.24|55.34|32.2|33.7
42487|59.57|33.19|55.34|35.31|33.69
42488|60.53|33.16|55.34|36.15|33.67
42489|61.53|33.15|55.34|36.15|33.65
42492|63.03|33.16|55.34|36.6|33.67
42493|63.55|33.19|55.34|29.82|33.7
42494|64.02|33.19|55.34|29.77|33.7
42495|64.51|33.16|55.34|29.77|33.67
42496|66|33.18|55.34|29.77|33.69
42499|66.01|33.21|55.34|29.8|33.72
42500|64.51|33.18|55.34|29.71|33.69
42501|63.54|33.18|55.34|27.72|33.69
42502|63.53|33.17|55.34|27.41|33.69
42503|63.05|33.19|55.34|27.75|33.71
42506|63.03|33.16|69.28|27.65|33.67
42507|62.55|33.18|69.28|27.67|34.69
42508|62.07|33.2|69.28|27.55|34.7
42509|62.55|33.15|69.27|27.72|34.65
42510|62.54|33.17|69.28|27.71|34.68
42513|62.53|33.15|69.27|27.69|34.65
42514|62.03|33.15|69.28|27.67|34.65
42515|60.56|33.16|69.28|25.72|34.66
42516|59.59|33.16|69.28|25.77|34.66
42517|59.57|33.14|69.28|25.69|34.65
42520|59.59|36.92|69.28|25.69|34.68
42521|58.58|36.92|69.3|25.76|34.69
42522|58.58|36.86|69.28|25.67|34.65
42523|58.09|33.16|69.27|25.73|34.65
42524|58.09|36.89|69.27|25.94|34.65
42527|57.59|36.89|69.28|25.69|34.66
42528|57.59|36.89|69.28|27.84|34.67
42529|57.59|36.92|69.28|27.85|34.68
42530|58.08|36.9|69.28|31.38|34.66
42531|58.57|36.9|69.28|30|34.67
42534|59.57|36.89|69.28|30|34.66
42535|61.05|36.89|69.28|30|34.66
42536|61.55|36.93|83.18|30|35.2
42537|62.05|36.85|83.18|30|35.16
42538|62.06|36.95|83.18|33.37|35.21
42541|60.54|36.85|83.18|30|34.65
42542|60.56|36.92|83.18|30|34.68
42543|60.56|36.94|83.18|30|34.7
42544|60.54|36.85|83.17|33.32|34.64
42545|65.01|36.93|83.17|30|34.68
42548|67.03|36.97|83.18|30|34.72
42549|66.01|36.96|83.18|30|34.71
42550|65.02|36.94|83.18|30|34.7
42551|65.53|36.97|83.18|30|34.73
42552|67.03|36.97|83.18|30|34.71
42555|65.52|36.93|83.18|30|34.69
42556|66.02|36.92|83.18|30|34.69
42557|66.01|36.94|83.18|30|34.69
42558|66.01|36.93|83.18|30|34.69
42559|65.01|36.92|83.18|30|34.69
42562|63.03|36.9|84.16|30|34.68
42563|61.543|36.854|84.17|32.335|34.663
42564|61.08|36.97|84.16|32.38|34.71
42565|59.58|36.95|84.16|32.39|34.71
42566|59.59|36.94|84.16|32.37|34.7
42569|59.59|36.92|84.16|34.72|34.69
42570|58.61|36.94|84.16|34.74|34.69
42571|58.61|36.96|84.16|34.76|34.7
42572|58.61|36.97|84.16|34.77|34.7
42573|57.8|36.98|84.16|34.79|34.71
42576|57.81|37.01|84.16|34.82|34.72
42577|57.82|37.03|84.16|34.85|34.74
42578|57.81|37.01|84.16|34.82|34.72
42579|57.8|36.98|84.16|34.79|34.71
42580|57.8|36.99|84.16|34.8|34.72
42583|57.8|36.99|84.16|34.8|34.72
42584|57.81|37.02|84.16|34.83|34.73
42585|57.81|37.03|63.03|34.84|34.74
42586|57.34|37.02|84.16|34.83|34.73
42587|56.31|37.06|84.16|34.87|34.76
42590|54.89|37.06|84.16|34.88|34.76
42591|53.9|37.07|84.16|34.510625|34.76
42592|52.92|37.04|84.16|34.14125|34.75
42593|52.41|37.03|84.16|33.771875|34.74
42594|51.45|37.03|84.16|33.4025|34.74
42597|50.93|37.05|84.16|33.033125|34.75
42598|50.42|37.01|84.16|32.66375|34.7
42599|50.89|36.98|81.24|32.294375|34.72
42600|50.89|36.97|61.54|31.925|34.71
42601|50.88|36.93|81.23|31.555625|34.68
42604|50.9|36.99|81.23|31.18625|34.72
42605|50.9|37|81.23|30.816875|34.72
42606|50.91|37.01|81.23|30.4475|34.72
42607|50.9|36.98|81.23|30.078125|34.7
42608|50.91|37.01|81.23|29.70875|34.72
42611|49.95|37.08|81.23|29.339375|34.71
42612|49.89|36.95|81.23|28.97|34.71
42613|49.41|36.98|81.23|28.01|34.71
42614|49.43|37.01|81.23|28.04|34.72
42615|49.42|36.99|81.23|28.02|34.69
42618|49.4|36.96|81.23|27.99|34.69
42619|48.91|36.96|61.53|27.98|34.7
42620|48.42|36.96|81.23|27.99|34.72
42621|47.43|36.99|81.23|28.02|34.68
42622|48.91|37|82.23|28.03|34.69
42625|48.92|36.99|82.23|28.02|34.71
42626|51.88|36.96|82.23|27.98|34.71
42627|50.91|36.99|82.23|28.03|34.71
42628|50.89|36.98|82.23|28.01|34.71
42629|51.36|36.99|82.23|28.02|34.71
42632|51.37|36.96|82.22|27.98|34.69
42633|56.37|37.07|82.27|30.09|35.79
42634|56.85|37.07|82.27|30.09|35.78
42635|56.37|37.1|82.26|30.11|35.78
42636|56.37|37.1|82.26|30.12|35.79
42639|56.37|37.1|82.26|30.12|35.79
42640|57.34|37.08|82.26|30.1|35.78
42641|56.85|37.07|62.1|30.08|35.77
42642|57.35|37.06|82.26|30.08|35.77
42643|56.34|37.09|82.27|30.11|35.79
42646|56.36|37.08|82.27|30.09|35.78
42647|56.36|37.08|82.27|30.09|35.78
42648|55.87|36.53|82.27|30.08|35.77
42649|55.87|36.54|82.27|30.1|35.78
42650|55.86|36.53|82.27|30.07|35.77
42653|55.85|36.51|82.27|30.03|35.75
42654|55.34|35.99|82.27|29.99|35.73
42655|55.35|36.02|62.08|30.04|35.76
42656|56.34|36.03|62.1|30.09|35.77
42657|56.82|36|82.27|30.02|35.75
42660|56.34|36|82.26|30.02|35.75
42661|56.83|36.01|82.26|27.54|35.74
42662|57.31|36.01|82.26|25.06|35.75
42663|57.31|36.01|82.26|25.04|35.75
42664|57.31|36.01|82.26|25.05|35.75
42667|56.81|36.02|82.26|25.07|35.26
42668|56.82|36.01|62.08|25.05|35.25
42669|56.82|36.01|82.26|25.06|35.26
42670|56.8|35.99|82.26|25|35.23
42671|57.32|36.01|82.26|25.05|35.24
42674|57.31|35.51|82.26|25.05|35.25
42675|59.78|35.5|82.26|25.02|35.23
42676|59.79|35.52|82.26|25.08|35.26
42677|59.29|35.51|62.08|25.05|35.25
42678|59.29|35.51|62.08|25.06|35.25
42681|57.79|35.47|82.66|24.96|35.2
42682|56.83|35.5|82.5|25.04|35.24
42683|56.32|35.52|82.5|25.07|35.26
42684|55.84|35.5|82.52|25.02|35.24
42685|55.84|35.5|82.5|25.02|35.24
42688|56.29|35.42|82.63|24.84|35.17
42689|55.84|35.53|82.63|25.09|35.27
42690|57.29|35.48|82.63|24.99|35.23
42691|56.3|35.5|82.54|25.04|35.23
42692|56.31|35.48|82.54|24.97|35.21
42695|56.33|35.5|82.54|25.04|35.24
42696|56.82|35.5|82.54|25.02|35.23
42697|56.81|35.48|82.54|24.99|35.21
42698|56.8|35.47|82.54|24.97|35.2
42699|56.79|35.46|82.54|24.95|35.2
42702|56.81|35.49|82.54|25|35.22
42703|56.8|35.47|82.54|24.97|34.97
42704|54.8|35.46|82.54|24.94|32.67
42705|54.82|35.46|82.54|24.94|32.68
42706|54.84|35.49|82.54|25.01|32.7
42709|54.82|35.47|82.54|24.96|32.68
42710|54.34|35.48|82.54|24.98|32.68
42711|51.9|35.48|82.54|24.03|32.68
42712|51.87|35.46|82.54|23.95|32.67
42713|51.86|35.46|82.54|23.93|32.67
42716|50.88|35.46|82.54|23.94|32.67
42717|50.39|35.48|82.54|23.99|32.69
42718|50.4|35.49|82.54|24.02|32.7
42719|49.86|35.44|82.55|23.88|32.66
42720|48.44|35.5|82.54|24.04|32.72
42723|46.94|37|82.53|24.04|32.71
42724|46.91|36.96|82.53|25.52|32.66
42725|46.93|36.99|82.53|27|32.69
42726|47.41|36.98|82.53|26.98|32.68
42727|47.41|36.98|82.54|26.99|32.69
42730|47.42|36.98|82.54|27|32.69
42731|47.41|36.98|82.54|26.98|32.69
42732|47.41|36.48|82.53|26.98|32.69
42733|47.42|36.49|82.53|27.01|32.7
42734|47.4|36.46|82.53|26.95|34.18
42737|47.4|36.47|82.53|26.95|34.19
42738|46.4|36.43|60.66|26.86|34.14
42739|44.94|36.46|82.53|25.97|34.18
42740|44.92|36.46|82.52|25.93|34.16
42741|43.89|36.46|82.53|25.94|34.17
42744|43.94|36.47|82.53|25.96|34.18
42745|43.94|36.47|82.53|25.97|34.18
42746|43.94|36.46|82.53|25.95|34.18
42747|45.93|36.5|82.53|26.04|34.22
42748|46.42|36.48|82.53|25.99|34.19
42751|46.42|36.48|82.53|26|34.19
42752|46.44|36.51|82.53|26.05|34.22
42753|46.9|36.46|82.52|25.95|34.17
42754|46.9|36.47|82.54|25.95|34.2
42755|46.9|36.46|82.53|25.95|34.18
42758|46.92|36.49|82.52|26.01|34.19
42759|46.39|36.46|82.52|25.96|34.17
42760|44.43|36.47|82.52|25.96|34.17
42761|45.42|36.46|82.52|25.94|34.17
42762|43.95|36.47|82.52|25.97|34.18
42765|43.95|36.47|82.52|25.97|34.18
42766|43.96|36.48|82.53|25.99|34.2
42767|43.94|36.46|82.52|25.95|34.17
42768|43.48|36.48|82.52|26|34.2
42769|42.99|36.46|82.52|25.96|34.18
42772|42.49|36.48|82.52|26.01|34.19
42773|42.47|36.46|82.52|25.95|34.17
42774|42.47|36.47|82.52|25.97|34.18
42775|41.97|36.45|82.52|25.93|34.16
42776|41.98|36.47|82.52|25.96|35.68
42779|40.96|36.46|82.52|25.94|35.66
42780|40.44|36.47|82.52|25.944|35.68
42781|39.97|36.47|82.52|25.948|35.69
42782|39.97|36.47|82.52|25.952|35.68
42783|39.99|36.49|82.52|25.956|35.7
42786|39.97|36.46|82.52|25.96|35.67
42787|39.45|36.44|82.52|25.91|35.65
42788|39|36.47|82.52|25.97|35.68
42789|39|36.46|79.26|25.96|35.67
42790|39|36.46|79.26|25.95|35.67
42793|38.97|36.44|79.27|25.9|35.65
42794|38.48|36.45|79.26|25.93|35.66
42795|36.94|36.41|79.27|25.92|35.62
42796|36.46|36.44|79.26|25.91|35.65
42797|36.49|36.44|79.26|25.9|35.64
42800|36.49|36.44|79.26|25.92|35.65
42801|37.46|36.42|79.26|25.90625|35.63
42802|37.46|36.42|79.27|25.8925|35.63
42803|38.43|36.41|79.27|25.87875|35.62
42804|38.45|36.42|79.26|25.865|33.65
42807|38.46|36.44|79.26|25.85125|33.64
42808|38.94|36.42|79.26|25.8375|33.64
42809|37.53|36.49|79.26|25.82375|31.2
42810|36.94|36.4|79.25|25.81|31.09
42811|36.48|36.42|79.27|26.895|31.13
42814|38.51|36.48|79.31|27.98|31.22
42815|39|36.48|79.31|27.98|31.21
42816|38.98|36.46|79.3|27.92|31.18
42817|38.95|36.43|79.31|27.86|31.16
42818|38.95|36.43|79.31|27.86|31.16
42821|38.99|37.47|79.31|27.95|31.21
42822|38.96|37.44|79.31|27.88|31.17
42823|38.49|37.46|79.31|27.92|31.2
42824|38.46|37.43|79.3|27.87|31.15
42825|38.46|37.44|79.3|27.87|31.17
42828|38.47|37.43|79.3|27.88|31.15
42829|38.47|37.44|79.3|27.89|31.16
42830|38.46|37.43|79.3|27.87|31.16
42831|38.45|37.42|79.29|27.85|31.14
42832|38.47|37.44|79.3|27.88|31.16
42835|38.47|37.44|79.3|27.89|31.18
42836|38.48|37.45|79.3|27.9|31.18
42837|38.22|37.44|79.3|27.87|31.17
42838|38.22|37.44|79.28|27.89|31.14
42839|38.21|37.43|79.28|27.87|31.13
42842|38.24|37.46|79.3|27.93|31.19
42843|38.23|37.45|79.3|27.9|31.18
42844|38.69|37.42|79.3|27.83|31.14
42845|38.7|37.42|79.3|27.84|31.15
42846|38.7|37.43|79.29|27.86|31.15
42849|38.66|37.37|79.29|27.73|31.09
42850|37.34|37.39|79.29|27.78|31.11
42851|38.36|37.42|79.3|27.73|31.15
42852|38.35|37.41|79.29|27.83|31.13
42853|38.34|37.41|79.3|27.81|31.13
42856|38.32|36.89|79.29|27.77|31.1
42857|38.33|36.9|79.29|27.78|31.11
42858|38.83|36.9|79.29|27.8|31.12
42859|39.31|36.9|79.3|27.78|31.12
42860|39.32|36.9|79.29|27.79|31.12
42863|39.31|36.89|79.29|27.78|29.09
42864|41.29|36.89|79.29|27.77|29.1
42865|42.79|36.9|79.29|27.79|29.1
42866|42.27|36.88|79.29|27.74|29.07
42867|42.77|36.88|79.29|27.75|29.08
42870|44.75|36.87|79.29|27.73|29.08
42871|44.75|36.87|79.29|27.73|29.08
42872|44.27|36.88|79.29|27.76|29.09
42873|43.28|36.88|79.29|27.75|29.09
42874|42.75|36.85|79.29|27.69|29.05
42877|42.76|36.85|79.28|27.69|29.05
42878|42.28|36.87|79.28|27.71|29.06
42879|42.27|36.86|79.29|27.71|29.06
42880|41.28|36.86|79.28|27.77|29.05
42881|41.29|36.87|79.29|27.73|29.07
42884|41.28|36.86|79.29|27.69|29.05
42885|41.28|36.86|79.28|27.71|29.06
42886|41.27|36.32|79.29|27.66|29.04
42887|40.27|36.31|79.29|27.66|29.04
42888|40.28|36.3|65.7466666666667|27.67|29.04
42891|40.27|36.8|52.2033333333333|27.66|29.03
42892|40.3|36.8|38.66|27.72|29.07
42893|40.27|36.79|38.6|27.65|29.03
42894|40.27|36.79|38.6|27.65|29.02
42895|39.22|36.79|38.64|27.69|29.05
42898|38.74|37.02|37|27.69|29.06
42899|37.73|36.79|36.99|27.7|29.04
42900|37.75|37.02|37|27.7|29.05
42901|37.74|36.63|37|27.69|29.05
42902|37.5|36.63|36.99|27.68|29.04
42905|37.51|36.62|37|27.7|29.05
42906|36.99|36.62|36.98|27.65|29.03
42907|37.53|36.74|37.02|27.75|29.08
42908|37.52|36.93|37.01|27.73|29.06
42909|37.5|36.93|35.35|27.7|29.05
42912|37.5|36.62|35.35|27.7|29.05
42913|37.49|36.62|35.35|27.68|29.03
42914|37.49|36.62|35.35|27.67|29.03
42915|37.48|36.62|35.34|27.692|29.02
42916|37.514|36.627|30.328|27.714|29.056
42919|37.5|36.62|30.33|27.69|29.05
42920|37.48|36.62|30.33|27.64|29.02
42921|37.51|36.62|30.32|27.71|29.05
42922|37.49|36.62|30.31|27.67|29.02
42923|37.2|36.62|30.31|27.68|29.03
42926|36.99|36.62|30.31|27.73|29.06
42927|37.12|36.62|30.32|27.68|29.03
42928|36.22|36.62|30.32|27.72|29.05
42929|36|36.62|30.32|27.71|29.05
42930|36.03|36.62|31.35|27.73|29.06
42933|35.85|36.62|31.34|27.73|29.06
42934|35.96|36.62|31.34|27.71|29.05
42935|38.12|36.62|31.34|27.68|29.03
42936|37.94|36.62|31.34|27.69|29.03
42937|38.32|36.62|31.34|27.73|29.05
42940|38.16|36.62|31.34|27.72|29.05
42941|37.8|36.62|31.34|27.69|29.03
42942|37.83|36.62|31.34|27.73|29.06
42943|37.93|36.62|34.99|27.7|29.04
42944|37.79|36.62|34.99|27.7|29.04
42947|37.88|36.68|34.99|27.71|29.05
42948|37.81|38|34.99|27.71|29.04
42949|37.71|37.12|34.99|27.7|29.04
42950|37.84|37.12|35|27.73|29.05
42951|37.73|36.72|35|27.72|29.05
42954|37.77|37.13|34.99|27.72|29.04
42955|37.75|36.85|35.01|27.74|29.06
42956|38.13|36.85|34.99|27.73|29.04
42957|39|36.62|35.01|27.74|29.06
42958|39.43|36.62|35|27.75|29.06
42961|38.85|36.62|34.99|27.71|29.04
42962|38.7|36.62|34.99|27.71|29.04
42963|38.47|36.62|35|27.72|29.05
42964|38.73|36.62|35|27.73|29.05
42965|38.73|34.94|34.99|27.74|29.04
42968|38.73|36.38|35|27.74|29.05
42969|38.51|34.23|34.99|27.7|29.04
42970|38.55|33.94|34.99|27.72|29.04
42971|38.82|33.71|34.98|27.7|29.03
42972|38.45|33.67|34.99|27.71|29.04
42975|36.65|36.38|35|27.74|29.05
42976|35.62|38|35.02|27.79|29.07
42977|34.73|38|34.97|27.69|29.02
42978|31.79|36.02|36.5|27.7|29.53
42979|33.94|34.04|36.5|27.71|29.54
42983|33.84|32.06|36.52|27.74|29.55
42984|33.64|31.59|36.5|27.7|29.53
42985|34.3|32|36.5|27.75|29.54
42986|34.48|31.95|36.49|27.71|29.53
42989|34.14|31.03|36.48|27.71|29.51
42990|33.53|30.76|36.48|27.65|29.52
42991|33.45|30.69|36.49|27.65|29.52
42992|33.82|30.85|36.5|27.65|29.53
42993|33.45|30.67|36.48|27.65|29.51
42996|33.43|30.66|36.48|27.68|29.52
42997|33.97|30.35|36.49|27.69|29.52
42998|38.57|34.69|36.57|27.81|29.61
42999|37.72|34.36|36.55|27.77|29.59
43000|38.24|34.39|36.57|27.73|29.61
43003|39.06|34.24|36.56|27.8|29.6
43004|38.63|34.23|36.55|27.77|29.59
43005|38.23|33.89|36.53|27.71|29.57
43006|38.7|33.76|36.54|27.74|29.57
43007|38.71|34.37|36.55|27.77|29.59
43010|38.49|34.07|34.42|27.74|29.58
43011|38.17|33.96|34.41|27.76|29.59
43012|38.14|33.27|34.39|27.8|29.6
43013|38.06|32.87|34.39|27.77|29.58
43014|37.91|33.21|34.39|27.74|29.57
43017|37.91|33.21|36.53|27.73|29.57
43018|38.4|32.96|36.56|27.8|29.6
43019|38.06|33.07|36.55|27.77|29.59
43020|38.27|35.52|36.55|27.79|29.59
43021|38.25|35.22|36.54|27.76|29.58
43024|38.21|35.13|34.39|27.74|29.57
43025|38.17|32.19|34.38|27.65|29.55
43026|37.12|32.09|34.39|25.7|28.37
43027|36.93|32.03|34.39|25.76|28.37
43028|36.89|31.49|34.39|25.76|28.37
43031|34.63|30.89|34.4|25.73|28.38
43032|34.35|30.97|34.39|25.7|28.37
43033|34.54|31.24|34.41|25.69|28.39
43034|34.36|31.3|34.38|25.7|24.56
43035|33.73|30.91|34.39|25.69|24.56
43038|33.66|31.17|34.38|25.77|24.58
43039|33.52|31.62|29.32|25.7|23.55
43040|32.35|31.85|29.34|25.7|23.56
43041|31.96|30.82|29.32|25.74|26.37
43042|31.81|31.7|29.32|25.71|26.37
43045|31.76|31.93|29.31|25.71|26.36
43046|32.11|32.01|29.32|25.7|26.37
43047|32.06|32.2|29.32|25.74|26.37
43048|32.26|34.03|29.33|25.74|26.38
43049|32.36|33.17|29.32|25.69|26.37
43052|32.44|33.44|29.32|25.74|26.37
43053|32.45|33.79|29.32|25.73|26.37
43054|33.74|33.81|29.32|25.79|26.37
43055|32.79|33.2|29.31|25.67|26.36
43056|32.42|33.31|29.31|25.71|26.36
43059|31.49|34.21|29.31|25.74|26.36
43060|30.79|32.65|29.31|25.73|23.57
43061|30.57|32.47|29.31|25.74|26.36
43062|30.88|32.47|29.31|25.8|26.36
43063|32.1|32.75|29.31|25.74|26.36
43066|31.77|32.24|29.31|25.71|26.36
43067|31.78|32.29|29.31|25.72|23.56
43068|31.78|32.47|29.3|25.72|26.35
43069|31.77|30.87|29.32|25.71|26.37
43070|31.79|32.1|29.31|25.75|23.57
43073|31.25|31.83|29.31|25.69|23.54
43074|31.27|31.88|29.3|25.73|23.56
43075|29.82|32.08|29.3|25.77|23.58
43076|29.79|31.22|29.3|25.72|23.55
43077|29.79|31.66|29.29|25.72|23.54
43080|29.81|30.7|29.3|25.75|23.57
43081|28.96|30.12|29.31|25.73|23.56
43082|28.97|31.22|29.31|25.73|26.36
43083|28.95|31.46|29.3|25.7266666666667|26.35
43084|28.68|31.9|29.32|25.7233333333333|26.37
43087|28.78|31.31|29.32|25.72|26.37
43088|28.58|31.28|29.31|25.73|26.36
43089|28.66|31.07|29.31|25.76|26.36
41397|25.736|40.055|69.3043333333333|24.935|35.348
